Date,Close,RollingVolatility,Year,Date.y,RiskFreeRate,TotalDebt,EffectiveDebt,EstimatedAssetValue,EstimatedAssetVolatility,r,d2,ApproxDefaultProbability
2022-05-02,4.92,0.3971655452041545,2022,2022-07-01,0.28,2640500000,528100000,528100004.92,3.7001599397834746e-9,0.0028000000000000004,756726.5637120584,0
2022-05-09,4.16,0.4275050636936771,2022,2022-07-01,0.28,2640500000,528100000,528100004.16,3.367583887439022e-9,0.0028000000000000004,831458.9839142028,0
2022-05-16,4.5,0.4347788042040438,2022,2022-07-01,0.28,2640500000,528100000,528100004.5,3.7047994740515044e-9,0.0028000000000000004,755778.6975313098,0
2022-05-23,4.55,0.43495143715512496,2022,2022-07-01,0.28,2640500000,528100000,528100004.55,3.7474512819634826e-9,0.0028000000000000004,747176.7890002859,0
2022-05-30,4.55,0.4350733464053764,2022,2022-07-01,0.28,2640500000,528100000,528100004.55,3.7485016267539866e-9,0.0028000000000000004,746967.4271469228,0
2022-06-06,4.53,0.4349798091855083,2022,2022-07-01,0.28,2640500000,528100000,528100004.53,3.731222341806316e-9,0.0028000000000000004,750426.6220075395,0
2022-06-13,4.1,0.4025665619390627,2022,2022-07-01,0.28,2640500000,528100000,528100004.1,3.1253983926075054e-9,0.0028000000000000004,895888.2714933457,0
2022-06-20,4,0.40287801697173137,2022,2022-07-01,0.28,2640500000,528100000,528100004,3.0515282251104195e-9,0.0028000000000000004,917575.5122571725,0
2022-06-27,3.7,0.4082527015537064,2022,2022-07-01,0.28,2640500000,528100000,528100003.7,2.8603199870583787e-9,0.0028000000000000004,978913.9043594413,0
2022-07-04,3.35,0.4176682705638385,2022,2022-07-01,0.28,2640500000,528100000,528100003.35,2.6494767989265512e-9,0.0028000000000000004,1056814.8189219548,0
2022-07-04,3.35,0.4176682705638385,2022,2022-09-01,0.87,2640500000,528100000,528100003.35,2.6494767989265512e-9,0.0087,3283669.5709206937,0
2022-07-11,3.09,0.4232654303306828,2022,2022-07-01,0.28,2640500000,528100000,528100003.09,2.4765956676181205e-9,0.0028000000000000004,1130586.5902032137,0
2022-07-11,3.09,0.4232654303306828,2022,2022-09-01,0.87,2640500000,528100000,528100003.09,2.4765956676181205e-9,0.0087,3512889.0698301587,0
2022-07-18,3.25,0.4280590906535437,2022,2022-07-01,0.28,2640500000,528100000,528100003.25,2.6343344746495547e-9,0.0028000000000000004,1062889.386705492,0
2022-07-18,3.25,0.4280590906535437,2022,2022-09-01,0.87,2640500000,528100000,528100003.25,2.6343344746495547e-9,0.0087,3302544.2432835945,0
2022-07-25,3.41,0.42442331820475143,2022,2022-07-01,0.28,2640500000,528100000,528100003.41,2.7405482024861445e-9,0.0028000000000000004,1021695.7521748,0
2022-07-25,3.41,0.42442331820475143,2022,2022-09-01,0.87,2640500000,528100000,528100003.41,2.7405482024861445e-9,0.0087,3174549.693823297,0
2022-08-01,3.35,0.4219267601786485,2022,2022-07-01,0.28,2640500000,528100000,528100003.35,2.6764905086768213e-9,0.0028000000000000004,1046148.4299750889,0
2022-08-01,3.35,0.4219267601786485,2022,2022-09-01,0.87,2640500000,528100000,528100003.35,2.6764905086768213e-9,0.0087,3250527.627612067,0
2022-08-08,3.6,0.43009570578962897,2022,2022-07-01,0.28,2640500000,528100000,528100003.6,2.9319154142923096e-9,0.0028000000000000004,955009.4123594125,0
2022-08-08,3.6,0.43009570578962897,2022,2022-09-01,0.87,2640500000,528100000,528100003.6,2.9319154142923096e-9,0.0087,2967345.774874875,0
2022-08-08,3.6,0.43009570578962897,2022,2022-10-03,1.64,2640500000,528100000,528100003.6,2.9319154142923096e-9,0.016399999999999998,5593615.264937426,0
2022-08-15,3.52,0.4269362341894771,2022,2022-07-01,0.28,2640500000,528100000,528100003.52,2.845702583469204e-9,0.0028000000000000004,983942.1314333936,0
2022-08-15,3.52,0.4269362341894771,2022,2022-09-01,0.87,2640500000,528100000,528100003.52,2.845702583469204e-9,0.0087,3057243.830027381,0
2022-08-15,3.52,0.4269362341894771,2022,2022-10-03,1.64,2640500000,528100000,528100003.52,2.845702583469204e-9,0.016399999999999998,5763078.250226314,0
2022-08-22,3.42,0.4218047090094464,2022,2022-07-01,0.28,2640500000,528100000,528100003.42,2.7316267666543136e-9,0.0028000000000000004,1025032.5960436964,0
2022-08-22,3.42,0.4218047090094464,2022,2022-09-01,0.87,2640500000,528100000,528100003.42,2.7316267666543136e-9,0.0087,3184917.713594473,0
2022-08-22,3.42,0.4218047090094464,2022,2022-10-03,1.64,2640500000,528100000,528100003.42,2.7316267666543136e-9,0.016399999999999998,6003750.833109893,0
2022-08-29,3.28,0.4214713876848724,2022,2022-07-01,0.28,2640500000,528100000,528100003.28,2.6177355482298975e-9,0.0028000000000000004,1069629.1353181954,0
2022-08-29,3.28,0.4214713876848724,2022,2022-09-01,0.87,2640500000,528100000,528100003.28,2.6177355482298975e-9,0.0087,3323485.5281037674,0
2022-08-29,3.28,0.4214713876848724,2022,2022-10-03,1.64,2640500000,528100000,528100003.28,2.6177355482298975e-9,0.016399999999999998,6264959.125467988,0
2022-09-05,3.55,0.4252705568049761,2022,2022-09-01,0.87,2640500000,528100000,528100003.55,2.858758694393243e-9,0.0087,3043281.2462536935,0
2022-09-05,3.55,0.4252705568049761,2022,2022-10-03,1.64,2640500000,528100000,528100003.55,2.858758694393243e-9,0.016399999999999998,5736757.969245972,0
2022-09-05,3.55,0.4252705568049761,2022,2022-11-01,1.62,2640500000,528100000,528100003.55,2.858758694393243e-9,0.016200000000000003,5666797.534882538,0
2022-09-12,3.29,0.4293656207746016,2022,2022-09-01,0.87,2640500000,528100000,528100003.29,2.6748965793373026e-9,0.0087,3252464.52408123,0
2022-09-12,3.29,0.4293656207746016,2022,2022-10-03,1.64,2640500000,528100000,528100003.29,2.6748965793373026e-9,0.016399999999999998,6131080.489827333,0
2022-09-12,3.29,0.4293656207746016,2022,2022-11-01,1.62,2640500000,528100000,528100003.29,2.6748965793373026e-9,0.016200000000000003,6056311.243963799,0
2022-09-19,3.31,0.4287323258583361,2022,2022-09-01,0.87,2640500000,528100000,528100003.31,2.68718801305908e-9,0.0087,3237587.4800990405,0
2022-09-19,3.31,0.4287323258583361,2022,2022-10-03,1.64,2640500000,528100000,528100003.31,2.68718801305908e-9,0.016399999999999998,6103036.403873585,0
2022-09-19,3.31,0.4287323258583361,2022,2022-11-01,1.62,2640500000,528100000,528100003.31,2.68718801305908e-9,0.016200000000000003,6028609.1591002215,0
2022-09-26,3.76,0.4497053263705463,2022,2022-09-01,0.87,2640500000,528100000,528100003.76,3.201840589120116e-9,0.0087,2717189.3408517153,0
2022-09-26,3.76,0.4497053263705463,2022,2022-10-03,1.64,2640500000,528100000,528100003.76,3.201840589120116e-9,0.016399999999999998,5122056.099729303,0
2022-09-26,3.76,0.4497053263705463,2022,2022-11-01,1.62,2640500000,528100000,528100003.76,3.201840589120116e-9,0.016200000000000003,5059592.028070147,0
2022-10-03,3.74,0.44394969592085226,2022,2022-09-01,0.87,2640500000,528100000,528100003.74,3.1440481934960186e-9,0.0087,2767135.4084169166,0
2022-10-03,3.74,0.44394969592085226,2022,2022-10-03,1.64,2640500000,528100000,528100003.74,3.1440481934960186e-9,0.016399999999999998,5216207.282037912,0
2022-10-03,3.74,0.44394969592085226,2022,2022-11-01,1.62,2640500000,528100000,528100003.74,3.1440481934960186e-9,0.016200000000000003,5152595.0255802255,0
2022-10-03,3.74,0.44394969592085226,2022,2022-12-01,1.23,2640500000,528100000,528100003.74,3.1440481934960186e-9,0.0123,3912156.024655304,0
2022-10-10,3.35,0.44729724297100937,2022,2022-09-01,0.87,2640500000,528100000,528100003.35,2.8374280523527692e-9,0.0087,3066159.2762789233,0
2022-10-10,3.35,0.44729724297100937,2022,2022-10-03,1.64,2640500000,528100000,528100003.35,2.8374280523527692e-9,0.016399999999999998,5779884.473157564,0
2022-10-10,3.35,0.44729724297100937,2022,2022-11-01,1.62,2640500000,528100000,528100003.35,2.8374280523527692e-9,0.016200000000000003,5709398.104407472,0
2022-10-10,3.35,0.44729724297100937,2022,2022-12-01,1.23,2640500000,528100000,528100003.35,2.8374280523527692e-9,0.0123,4334913.913780626,0
2022-10-17,3.58,0.451833958372011,2022,2022-09-01,0.87,2640500000,528100000,528100003.58,3.0629910244391057e-9,0.0087,2840363.1318548312,0
2022-10-17,3.58,0.451833958372011,2022,2022-10-03,1.64,2640500000,528100000,528100003.58,3.0629910244391057e-9,0.016399999999999998,5354245.783995485,0
2022-10-17,3.58,0.451833958372011,2022,2022-11-01,1.62,2640500000,528100000,528100003.58,3.0629910244391057e-9,0.016200000000000003,5288950.130693132,0
2022-10-17,3.58,0.451833958372011,2022,2022-12-01,1.23,2640500000,528100000,528100003.58,3.0629910244391057e-9,0.0123,4015684.891297215,0
2022-10-24,3.66,0.4512023966115198,2022,2022-09-01,0.87,2640500000,528100000,528100003.66,3.1270607084891503e-9,0.0087,2782167.5821283087,0
2022-10-24,3.66,0.4512023966115198,2022,2022-10-03,1.64,2640500000,528100000,528100003.66,3.1270607084891503e-9,0.016399999999999998,5244543.82544732,0
2022-10-24,3.66,0.4512023966115198,2022,2022-11-01,1.62,2640500000,528100000,528100003.66,3.1270607084891503e-9,0.016200000000000003,5180586.000945529,0
2022-10-24,3.66,0.4512023966115198,2022,2022-12-01,1.23,2640500000,528100000,528100003.66,3.1270607084891503e-9,0.0123,3933408.423160574,0
2022-10-31,3.86,0.4536154567098624,2022,2022-09-01,0.87,2640500000,528100000,528100003.86,3.3155759327815674e-9,0.0087,2623980.7157493937,0
2022-10-31,3.86,0.4536154567098624,2022,2022-10-03,1.64,2640500000,528100000,528100003.86,3.3155759327815674e-9,0.016399999999999998,4946352.501558612,0
2022-10-31,3.86,0.4536154567098624,2022,2022-11-01,1.62,2640500000,528100000,528100003.86,3.3155759327815674e-9,0.016200000000000003,4886031.15647266,0
2022-10-31,3.86,0.4536154567098624,2022,2022-12-01,1.23,2640500000,528100000,528100003.86,3.3155759327815674e-9,0.0123,3709764.9272965617,0
2022-11-07,4.31,0.4533809670476008,2022,2022-10-03,1.64,2640500000,528100000,528100004.31,3.700193054397514e-9,0.016399999999999998,4432203.379724321,0
2022-11-07,4.31,0.4533809670476008,2022,2022-11-01,1.62,2640500000,528100000,528100004.31,3.700193054397514e-9,0.016200000000000003,4378152.145894155,0
2022-11-07,4.31,0.4533809670476008,2022,2022-12-01,1.23,2640500000,528100000,528100004.31,3.700193054397514e-9,0.0123,3324153.086205898,0
2022-11-07,4.31,0.4533809670476008,2022,2023-01-03,1.65,2640500000,528100000,528100004.31,3.700193054397514e-9,0.0165,4459228.996639405,0
2022-11-14,4.1,0.4542013735344958,2022,2022-10-03,1.64,2640500000,528100000,528100004.1,3.526274601465076e-9,0.016399999999999998,4650802.792518606,0
2022-11-14,4.1,0.4542013735344958,2022,2022-11-01,1.62,2640500000,528100000,528100004.1,3.526274601465076e-9,0.016200000000000003,4594085.712142365,0
2022-11-14,4.1,0.4542013735344958,2022,2022-12-01,1.23,2640500000,528100000,528100004.1,3.526274601465076e-9,0.0123,3488102.6448056204,0
2022-11-14,4.1,0.4542013735344958,2022,2023-01-03,1.65,2640500000,528100000,528100004.1,3.526274601465076e-9,0.0165,4679161.332706729,0
2022-11-21,4.12,0.44788764992705776,2022,2022-10-03,1.64,2640500000,528100000,528100004.12,3.49421909354913e-9,0.016399999999999998,4693468.658513616,0
2022-11-21,4.12,0.44788764992705776,2022,2022-11-01,1.62,2640500000,528100000,528100004.12,3.49421909354913e-9,0.016200000000000003,4636231.2630769,0
2022-11-21,4.12,0.44788764992705776,2022,2022-12-01,1.23,2640500000,528100000,528100004.12,3.49421909354913e-9,0.0123,3520102.052060908,0
2022-11-21,4.12,0.44788764992705776,2022,2023-01-03,1.65,2640500000,528100000,528100004.12,3.49421909354913e-9,0.0165,4722087.356231975,0
2022-11-28,4.34,0.44981727496103446,2022,2022-10-03,1.64,2640500000,528100000,528100004.34,3.6966615362381718e-9,0.016399999999999998,4436437.5957528055,0
2022-11-28,4.34,0.44981727496103446,2022,2022-11-01,1.62,2640500000,528100000,528100004.34,3.6966615362381718e-9,0.016200000000000003,4382334.725354905,0
2022-11-28,4.34,0.44981727496103446,2022,2022-12-01,1.23,2640500000,528100000,528100004.34,3.6966615362381718e-9,0.0123,3327328.7525958326,0
2022-11-28,4.34,0.44981727496103446,2022,2023-01-03,1.65,2640500000,528100000,528100004.34,3.6966615362381718e-9,0.0165,4463489.030951757,0
2022-12-05,4.21,0.442042421710239,2022,2022-11-01,1.62,2640500000,528100000,528100004.21,3.52395110881324e-9,0.016200000000000003,4597114.849709278,0
2022-12-05,4.21,0.442042421710239,2022,2022-12-01,1.23,2640500000,528100000,528100004.21,3.52395110881324e-9,0.0123,3490402.5601300383,0
2022-12-05,4.21,0.442042421710239,2022,2023-01-03,1.65,2640500000,528100000,528100004.21,3.52395110881324e-9,0.0165,4682246.564292296,0
2022-12-05,4.21,0.442042421710239,2022,2023-02-01,1.19,2640500000,528100000,528100004.21,3.52395110881324e-9,0.011899999999999999,3376893.60735268,0
2022-12-12,4.09,0.440284136309224,2022,2022-11-01,1.62,2640500000,528100000,528100004.09,3.4098884748310587e-9,0.016200000000000003,4750890.788458375,0
2022-12-12,4.09,0.440284136309224,2022,2022-12-01,1.23,2640500000,528100000,528100004.09,3.4098884748310587e-9,0.0123,3607158.367651497,0
2022-12-12,4.09,0.440284136309224,2022,2023-01-03,1.65,2640500000,528100000,528100004.09,3.4098884748310587e-9,0.0165,4838870.205443519,0
2022-12-12,4.09,0.440284136309224,2022,2023-02-01,1.19,2640500000,528100000,528100004.09,3.4098884748310587e-9,0.011899999999999999,3489852.478337971,0
2022-12-19,4.17,0.440912088577565,2022,2022-11-01,1.62,2640500000,528100000,528100004.17,3.481544016001529e-9,0.016200000000000003,4653110.178063232,0
2022-12-19,4.17,0.440912088577565,2022,2022-12-01,1.23,2640500000,528100000,528100004.17,3.481544016001529e-9,0.0123,3532917.5330542345,0
2022-12-19,4.17,0.440912088577565,2022,2023-01-03,1.65,2640500000,528100000,528100004.17,3.481544016001529e-9,0.0165,4739278.8430639235,0
2022-12-19,4.17,0.440912088577565,2022,2023-02-01,1.19,2640500000,528100000,528100004.17,3.481544016001529e-9,0.011899999999999999,3418025.9797199783,0
2022-12-26,4.09,0.43840444505545567,2022,2022-11-01,1.62,2640500000,528100000,528100004.09,3.3953307449155668e-9,0.016200000000000003,4771260.581610322,0
2022-12-26,4.09,0.43840444505545567,2022,2022-12-01,1.23,2640500000,528100000,528100004.09,3.3953307449155668e-9,0.0123,3622624.3240556894,0
2022-12-26,4.09,0.43840444505545567,2022,2023-01-03,1.65,2640500000,528100000,528100004.09,3.3953307449155668e-9,0.0165,4859617.216806832,0
2022-12-26,4.09,0.43840444505545567,2022,2023-02-01,1.19,2640500000,528100000,528100004.09,3.3953307449155668e-9,0.011899999999999999,3504815.4771270086,0
2023-01-02,4.57,0.4498780176612163,2023,2022-12-01,1.23,2232600000,446520000,446520004.57,4.604368269438762e-9,0.0123,2671378.463869744,0
2023-01-02,4.57,0.4498780176612163,2023,2023-01-03,1.65,2232600000,446520000,446520004.57,4.604368269438762e-9,0.0165,3583555.716909486,0
2023-01-02,4.57,0.4498780176612163,2023,2023-02-01,1.19,2232600000,446520000,446520004.57,4.604368269438762e-9,0.011899999999999999,2584504.4397707204,0
2023-01-02,4.57,0.4498780176612163,2023,2023-03-01,1.68,2232600000,446520000,446520004.57,4.604368269438762e-9,0.0168,3648711.234983753,0
2023-01-09,4.74,0.4507428148523822,2023,2022-12-01,1.23,2232600000,446520000,446520004.74,4.784826927618499e-9,0.0123,2570628.1128851105,0
2023-01-09,4.74,0.4507428148523822,2023,2023-01-03,1.65,2232600000,446520000,446520004.74,4.784826927618499e-9,0.0165,3448402.808508307,0
2023-01-09,4.74,0.4507428148523822,2023,2023-02-01,1.19,2232600000,446520000,446520004.74,4.784826927618499e-9,0.011899999999999999,2487030.5228257584,0
2023-01-09,4.74,0.4507428148523822,2023,2023-03-01,1.68,2232600000,446520000,446520004.74,4.784826927618499e-9,0.0168,3511101.0010528206,0
2023-01-16,4.72,0.450522289788151,2023,2022-12-01,1.23,2232600000,446520000,446520004.72,4.76230669471017e-9,0.0123,2582784.2176350546,0
2023-01-16,4.72,0.450522289788151,2023,2023-01-03,1.65,2232600000,446520000,446520004.72,4.76230669471017e-9,0.0165,3464709.7779239872,0
2023-01-16,4.72,0.450522289788151,2023,2023-02-01,1.19,2232600000,446520000,446520004.72,4.76230669471017e-9,0.011899999999999999,2498791.3071313463,0
2023-01-16,4.72,0.450522289788151,2023,2023-03-01,1.68,2232600000,446520000,446520004.72,4.76230669471017e-9,0.0168,3527704.4608017677,0
2023-01-23,4.79,0.4451554102878176,2023,2022-12-01,1.23,2232600000,446520000,446520004.79,4.7753614449625205e-9,0.0123,2575723.506830682,0
2023-01-23,4.79,0.4451554102878176,2023,2023-01-03,1.65,2232600000,446520000,446520004.79,4.7753614449625205e-9,0.0165,3455238.0835608975,0
2023-01-23,4.79,0.4451554102878176,2023,2023-02-01,1.19,2232600000,446520000,446520004.79,4.7753614449625205e-9,0.011899999999999999,2491960.213808757,0
2023-01-23,4.79,0.4451554102878176,2023,2023-03-01,1.68,2232600000,446520000,446520004.79,4.7753614449625205e-9,0.0168,3518060.553327341,0
2023-01-30,4.38,0.45257448084589247,2023,2022-12-01,1.23,2232600000,446520000,446520004.38,4.4393895159466155e-9,0.0123,2770653.434443725,0
2023-01-30,4.38,0.45257448084589247,2023,2023-01-03,1.65,2232600000,446520000,446520004.38,4.4393895159466155e-9,0.0165,3716729.4624456135,0
2023-01-30,4.38,0.45257448084589247,2023,2023-02-01,1.19,2232600000,446520000,446520004.38,4.4393895159466155e-9,0.011899999999999999,2680550.955586402,0
2023-01-30,4.38,0.45257448084589247,2023,2023-03-01,1.68,2232600000,446520000,446520004.38,4.4393895159466155e-9,0.0168,3784306.321588605,0
2023-02-06,4.19,0.4501476353197605,2023,2023-01-03,1.65,2232600000,446520000,446520004.19,4.224040522912897e-9,0.0165,3906214.747272316,0
2023-02-06,4.19,0.4501476353197605,2023,2023-02-01,1.19,2232600000,446520000,446520004.19,4.224040522912897e-9,0.011899999999999999,2817210.0431157756,0
2023-02-06,4.19,0.4501476353197605,2023,2023-03-01,1.68,2232600000,446520000,446520004.19,4.224040522912897e-9,0.0168,3977236.793195568,0
2023-02-06,4.19,0.4501476353197605,2023,2023-04-03,1.13,2232600000,446520000,446520004.19,4.224040522912897e-9,0.0113,2675165.9512692704,0
2023-02-13,3.86,0.4557360116212564,2023,2023-01-03,1.65,2232600000,446520000,446520003.86,3.939668972612486e-9,0.0165,4188171.3309755805,0
2023-02-13,3.86,0.4557360116212564,2023,2023-02-01,1.19,2232600000,446520000,446520003.86,3.939668972612486e-9,0.011899999999999999,3020560.541343772,0
2023-02-13,3.86,0.4557360116212564,2023,2023-03-01,1.68,2232600000,446520000,446520003.86,3.939668972612486e-9,0.0168,4264319.860734176,0
2023-02-13,3.86,0.4557360116212564,2023,2023-04-03,1.13,2232600000,446520000,446520003.86,3.939668972612486e-9,0.0113,2868263.4818265797,0
2023-02-20,3.62,0.45718614223566384,2023,2023-01-03,1.65,2232600000,446520000,446520003.62,3.7064718746655805e-9,0.0165,4451674.979626903,0
2023-02-20,3.62,0.45718614223566384,2023,2023-02-01,1.19,2232600000,446520000,446520003.62,3.7064718746655805e-9,0.011899999999999999,3210602.5647943905,0
2023-02-20,3.62,0.45718614223566384,2023,2023-03-01,1.68,2232600000,446520000,446520003.62,3.7064718746655805e-9,0.0168,4532614.4849420665,0
2023-02-20,3.62,0.45718614223566384,2023,2023-04-03,1.13,2232600000,446520000,446520003.62,3.7064718746655805e-9,0.0113,3048723.5541640627,0
2023-02-27,3.75,0.45924160140940984,2023,2023-01-03,1.65,2232600000,446520000,446520003.75,3.856839538704064e-9,0.0165,4278116.378112063,0
2023-02-27,3.75,0.45924160140940984,2023,2023-02-01,1.19,2232600000,446520000,446520003.75,3.856839538704064e-9,0.011899999999999999,3085429.9949119864,0
2023-02-27,3.75,0.45924160140940984,2023,2023-03-01,1.68,2232600000,446520000,446520003.75,3.856839538704064e-9,0.0168,4355900.272668589,0
2023-02-27,3.75,0.45924160140940984,2023,2023-04-03,1.13,2232600000,446520000,446520003.75,3.856839538704064e-9,0.0113,2929862.2057989333,0
2023-03-06,3.5,0.4619565704248349,2023,2023-02-01,1.19,2232600000,446520000,446520003.5,3.620997903371472e-9,0.011899999999999999,3286389.0441125617,0
2023-03-06,3.5,0.4619565704248349,2023,2023-03-01,1.68,2232600000,446520000,446520003.5,3.620997903371472e-9,0.0168,4639607.170927179,0
2023-03-06,3.5,0.4619565704248349,2023,2023-04-03,1.13,2232600000,446520000,446520003.5,3.620997903371472e-9,0.0113,3120688.865318935,0
2023-03-06,3.5,0.4619565704248349,2023,2023-05-01,1.4,2232600000,446520000,446520003.5,3.620997903371472e-9,0.013999999999999999,3866339.6698902547,0
2023-03-13,4.13,0.4938724054109465,2023,2023-02-01,1.19,2232600000,446520000,446520004.13,4.5679768330230775e-9,0.011899999999999999,2605094.0458536237,0
2023-03-13,4.13,0.4938724054109465,2023,2023-03-01,1.68,2232600000,446520000,446520004.13,4.5679768330230775e-9,0.0168,3677778.9956932645,0
2023-03-13,4.13,0.4938724054109465,2023,2023-04-03,1.13,2232600000,446520000,446520004.13,4.5679768330230775e-9,0.0113,2473744.8683222393,0
2023-03-13,4.13,0.4938724054109465,2023,2023-05-01,1.4,2232600000,446520000,446520004.13,4.5679768330230775e-9,0.013999999999999999,3064816.1672134693,0
2023-03-20,4.36,0.4964862734371424,2023,2023-02-01,1.19,2232600000,446520000,446520004.36,4.84789064554586e-9,0.011899999999999999,2454677.8453704594,0
2023-03-20,4.36,0.4964862734371424,2023,2023-03-01,1.68,2232600000,446520000,446520004.36,4.84789064554586e-9,0.0168,3465426.7170476737,0
2023-03-20,4.36,0.4964862734371424,2023,2023-04-03,1.13,2232600000,446520000,446520004.36,4.84789064554586e-9,0.0113,2330912.677409984,0
2023-03-20,4.36,0.4964862734371424,2023,2023-05-01,1.4,2232600000,446520000,446520004.36,4.84789064554586e-9,0.013999999999999999,2887855.9332321226,0
2023-03-27,4.71,0.5003754707849172,2023,2023-02-01,1.19,2232600000,446520000,446520004.71,5.2780803604255166e-9,0.011899999999999999,2254609.5806847797,0
2023-03-27,4.71,0.5003754707849172,2023,2023-03-01,1.68,2232600000,446520000,446520004.71,5.2780803604255166e-9,0.0168,3182977.408643535,0
2023-03-27,4.71,0.5003754707849172,2023,2023-04-03,1.13,2232600000,446520000,446520004.71,5.2780803604255166e-9,0.0113,2140931.8874653406,0
2023-03-27,4.71,0.5003754707849172,2023,2023-05-01,1.4,2232600000,446520000,446520004.71,5.2780803604255166e-9,0.013999999999999999,2652481.5069528176,0
2023-04-03,5.04,0.504373963343688,2023,2023-03-01,1.68,2232600000,446520000,446520005.04,5.6930143029637986e-9,0.0168,2950987.0155327427,0
2023-04-03,5.04,0.504373963343688,2023,2023-04-03,1.13,2232600000,446520000,446520005.04,5.6930143029637986e-9,0.0113,1984890.7250075834,0
2023-04-03,5.04,0.504373963343688,2023,2023-05-01,1.4,2232600000,446520000,446520005.04,5.6930143029637986e-9,0.013999999999999999,2459156.176719934,0
2023-04-03,5.04,0.504373963343688,2023,2023-06-01,1.63,2232600000,446520000,446520005.04,5.6930143029637986e-9,0.0163,2863160.0800304553,0
2023-04-10,5.34,0.5080778351480277,2023,2023-03-01,1.68,2232600000,446520000,446520005.34,6.076179358693161e-9,0.0168,2764897.3092137235,0
2023-04-10,5.34,0.5080778351480277,2023,2023-04-03,1.13,2232600000,446520000,446520005.34,6.076179358693161e-9,0.0113,1859723.2392397725,0
2023-04-10,5.34,0.5080778351480277,2023,2023-05-01,1.4,2232600000,446520000,446520005.34,6.076179358693161e-9,0.013999999999999999,2304081.4190451666,0
2023-04-10,5.34,0.5080778351480277,2023,2023-06-01,1.63,2232600000,446520000,446520005.34,6.076179358693161e-9,0.0163,2682608.7573979096,0
2023-04-17,4.96,0.5011117717511788,2023,2023-03-01,1.68,2232600000,446520000,446520004.96,5.566412165807674e-9,0.0168,3018104.0511733945,0
2023-04-17,4.96,0.5011117717511788,2023,2023-04-03,1.13,2232600000,446520000,446520004.96,5.566412165807674e-9,0.0113,2030034.9258246855,0
2023-04-17,4.96,0.5011117717511788,2023,2023-05-01,1.4,2232600000,446520000,446520004.96,5.566412165807674e-9,0.013999999999999999,2515087.0419049608,0
2023-04-17,4.96,0.5011117717511788,2023,2023-06-01,1.63,2232600000,446520000,446520004.96,5.566412165807674e-9,0.0163,2928279.585232603,0
2023-04-24,5.05,0.4954811825216685,2023,2023-03-01,1.68,2232600000,446520000,446520005.05,5.603735428279947e-9,0.0168,2998002.2298876625,0
2023-04-24,5.05,0.4954811825216685,2023,2023-04-03,1.13,2232600000,446520000,446520005.05,5.603735428279947e-9,0.0113,2016514.0653601997,0
2023-04-24,5.05,0.4954811825216685,2023,2023-05-01,1.4,2232600000,446520000,446520005.05,5.603735428279947e-9,0.013999999999999999,2498335.5279464084,0
2023-04-24,5.05,0.4954811825216685,2023,2023-06-01,1.63,2232600000,446520000,446520005.05,5.603735428279947e-9,0.0163,2908776.0331124384,0
2023-05-01,5.32,0.4970958473867133,2023,2023-04-03,1.13,2232600000,446520000,446520005.32,5.922578779425772e-9,0.0113,1907954.6824458544,0
2023-05-01,5.32,0.4970958473867133,2023,2023-05-01,1.4,2232600000,446520000,446520005.32,5.922578779425772e-9,0.013999999999999999,2363837.178999455,0
2023-05-01,5.32,0.4970958473867133,2023,2023-06-01,1.63,2232600000,446520000,446520005.32,5.922578779425772e-9,0.0163,2752181.527915486,0
2023-05-08,5.3,0.4662421203140656,2023,2023-04-03,1.13,2232600000,446520000,446520005.3,5.534093004420529e-9,0.0113,2041890.4887472584,0
2023-05-08,5.3,0.4662421203140656,2023,2023-05-01,1.4,2232600000,446520000,446520005.3,5.534093004420529e-9,0.013999999999999999,2529775.3142901775,0
2023-05-08,5.3,0.4662421203140656,2023,2023-06-01,1.63,2232600000,446520000,446520005.3,5.534093004420529e-9,0.0163,2945380.9064193317,0
2023-05-08,5.3,0.4662421203140656,2023,2023-07-03,1.98,2232600000,446520000,446520005.3,5.534093004420529e-9,0.019799999999999998,3577824.1987897824,0
2023-05-15,5.15,0.4612182741857971,2023,2023-04-03,1.13,2232600000,446520000,446520005.15,5.319524511021463e-9,0.0113,2124252.178973022,0
2023-05-15,5.15,0.4612182741857971,2023,2023-05-01,1.4,2232600000,446520000,446520005.15,5.319524511021463e-9,0.013999999999999999,2631816.3408461176,0
2023-05-15,5.15,0.4612182741857971,2023,2023-06-01,1.63,2232600000,446520000,446520005.15,5.319524511021463e-9,0.0163,3064185.8120713476,0
2023-05-15,5.15,0.4612182741857971,2023,2023-07-03,1.98,2232600000,446520000,446520005.15,5.319524511021463e-9,0.019799999999999998,3722139.355240176,0
2023-05-22,4.74,0.4689767072618023,2023,2023-04-03,1.13,2232600000,446520000,446520004.74,4.978387460412493e-9,0.0113,2269813.4095190577,0
2023-05-22,4.74,0.4689767072618023,2023,2023-05-01,1.4,2232600000,446520000,446520004.74,4.978387460412493e-9,0.013999999999999999,2812157.696995687,0
2023-05-22,4.74,0.4689767072618023,2023,2023-06-01,1.63,2232600000,446520000,446520004.74,4.978387460412493e-9,0.0163,3274154.6826239266,0
2023-05-22,4.74,0.4689767072618023,2023,2023-07-03,1.98,2232600000,446520000,446520004.74,4.978387460412493e-9,0.019799999999999998,3977193.573797335,0
2023-05-29,4.85,0.4694983090134669,2023,2023-04-03,1.13,2232600000,446520000,446520004.85,5.099585178675818e-9,0.0113,2215868.6375172227,0
2023-05-29,4.85,0.4694983090134669,2023,2023-05-01,1.4,2232600000,446520000,446520004.85,5.099585178675818e-9,0.013999999999999999,2745323.46676298,0
2023-05-29,4.85,0.4694983090134669,2023,2023-06-01,1.63,2232600000,446520000,446520004.85,5.099585178675818e-9,0.0163,3196340.543527884,0
2023-05-29,4.85,0.4694983090134669,2023,2023-07-03,1.98,2232600000,446520000,446520004.85,5.099585178675818e-9,0.019799999999999998,3882670.877735347,0
2023-06-05,4.85,0.4694650825660944,2023,2023-05-01,1.4,2232600000,446520000,446520004.85,5.099224280467436e-9,0.013999999999999999,2745517.7673597154,0
2023-06-05,4.85,0.4694650825660944,2023,2023-06-01,1.63,2232600000,446520000,446520004.85,5.099224280467436e-9,0.0163,3196566.764912175,0
2023-06-05,4.85,0.4694650825660944,2023,2023-07-03,1.98,2232600000,446520000,446520004.85,5.099224280467436e-9,0.019799999999999998,3882945.6742311353,0
2023-06-05,4.85,0.4694650825660944,2023,2023-08-01,1.98,2232600000,446520000,446520004.85,5.099224280467436e-9,0.019799999999999998,3882945.6742311353,0
2023-06-12,4.88,0.4580292094640165,2023,2023-05-01,1.4,2232600000,446520000,446520004.88,5.005783655281233e-9,0.013999999999999999,2796767.078455595,0
2023-06-12,4.88,0.4580292094640165,2023,2023-06-01,1.63,2232600000,446520000,446520004.88,5.005783655281233e-9,0.0163,3256235.5969508835,0
2023-06-12,4.88,0.4580292094640165,2023,2023-07-03,1.98,2232600000,446520000,446520004.88,5.005783655281233e-9,0.019799999999999998,3955426.8207480623,0
2023-06-12,4.88,0.4580292094640165,2023,2023-08-01,1.98,2232600000,446520000,446520004.88,5.005783655281233e-9,0.019799999999999998,3955426.8207480623,0
2023-06-19,4.61,0.4611636463900129,2023,2023-05-01,1.4,2232600000,446520000,446520004.61,4.761185138199624e-9,0.013999999999999999,2940446.5312557644,0
2023-06-19,4.61,0.4611636463900129,2023,2023-06-01,1.63,2232600000,446520000,446520004.61,4.761185138199624e-9,0.0163,3423519.533720381,0
2023-06-19,4.61,0.4611636463900129,2023,2023-07-03,1.98,2232600000,446520000,446520004.61,4.761185138199624e-9,0.019799999999999998,4158630.624427405,0
2023-06-19,4.61,0.4611636463900129,2023,2023-08-01,1.98,2232600000,446520000,446520004.61,4.761185138199624e-9,0.019799999999999998,4158630.624427405,0
2023-06-26,4.77,0.4547433034333506,2023,2023-05-01,1.4,2232600000,446520000,446520004.77,4.857846309695323e-9,0.013999999999999999,2881937.7539117984,0
2023-06-26,4.77,0.4547433034333506,2023,2023-06-01,1.63,2232600000,446520000,446520004.77,4.857846309695323e-9,0.0163,3355398.595068845,0
2023-06-26,4.77,0.4547433034333506,2023,2023-07-03,1.98,2232600000,446520000,446520004.77,4.857846309695323e-9,0.019799999999999998,4075882.4837860893,0
2023-06-26,4.77,0.4547433034333506,2023,2023-08-01,1.98,2232600000,446520000,446520004.77,4.857846309695323e-9,0.019799999999999998,4075882.4837860893,0
2023-07-03,4.59,0.4444684281053954,2023,2023-06-01,1.63,2232600000,446520000,446520004.59,4.5689108304946344e-9,0.0163,3567592.120796565,0
2023-07-03,4.59,0.4444684281053954,2023,2023-07-03,1.98,2232600000,446520000,446520004.59,4.5689108304946344e-9,0.019799999999999998,4333639.0255948985,0
2023-07-03,4.59,0.4444684281053954,2023,2023-08-01,1.98,2232600000,446520000,446520004.59,4.5689108304946344e-9,0.019799999999999998,4333639.0255948985,0
2023-07-03,4.59,0.4444684281053954,2023,2023-09-01,2.12,2232600000,446520000,446520004.59,4.5689108304946344e-9,0.0212,4640057.787514233,0
2023-07-10,5.06,0.4447048544128998,2023,2023-06-01,1.63,2232600000,446520000,446520005.06,5.039430569358045e-9,0.0163,3234494.673106607,0
2023-07-10,5.06,0.4447048544128998,2023,2023-07-03,1.98,2232600000,446520000,446520005.06,5.039430569358045e-9,0.019799999999999998,3929017.5863265134,0
2023-07-10,5.06,0.4447048544128998,2023,2023-08-01,1.98,2232600000,446520000,446520005.06,5.039430569358045e-9,0.019799999999999998,3929017.5863265134,0
2023-07-10,5.06,0.4447048544128998,2023,2023-09-01,2.12,2232600000,446520000,446520005.06,5.039430569358045e-9,0.0212,4206826.751614477,0
2023-07-17,5.03,0.4429772513197544,2023,2023-06-01,1.63,2232600000,446520000,446520005.03,4.990091259155706e-9,0.0163,3266475.584987715,0
2023-07-17,5.03,0.4429772513197544,2023,2023-07-03,1.98,2232600000,446520000,446520005.03,4.990091259155706e-9,0.019799999999999998,3967865.5632928773,0
2023-07-17,5.03,0.4429772513197544,2023,2023-08-01,1.98,2232600000,446520000,446520005.03,4.990091259155706e-9,0.019799999999999998,3967865.5632928773,0
2023-07-17,5.03,0.4429772513197544,2023,2023-09-01,2.12,2232600000,446520000,446520005.03,4.990091259155706e-9,0.0212,4248421.5546149425,0
2023-07-24,4.86,0.4431231022509259,2023,2023-06-01,1.63,2232600000,446520000,446520004.86,4.82302753180056e-9,0.0163,3379622.1930513456,0
2023-07-24,4.86,0.4431231022509259,2023,2023-07-03,1.98,2232600000,446520000,446520004.86,4.82302753180056e-9,0.019799999999999998,4105307.4554560906,0
2023-07-24,4.86,0.4431231022509259,2023,2023-08-01,1.98,2232600000,446520000,446520004.86,4.82302753180056e-9,0.019799999999999998,4105307.4554560906,0
2023-07-24,4.86,0.4431231022509259,2023,2023-09-01,2.12,2232600000,446520000,446520004.86,4.82302753180056e-9,0.0212,4395581.560417989,0
2023-07-31,4.95,0.4425526877152344,2023,2023-06-01,1.63,2232600000,446520000,446520004.95,4.906019394216642e-9,0.0163,3322451.416507754,0
2023-07-31,4.95,0.4425526877152344,2023,2023-07-03,1.98,2232600000,446520000,446520004.95,4.906019394216642e-9,0.019799999999999998,4035860.7446742714,0
2023-07-31,4.95,0.4425526877152344,2023,2023-08-01,1.98,2232600000,446520000,446520004.95,4.906019394216642e-9,0.019799999999999998,4035860.7446742714,0
2023-07-31,4.95,0.4425526877152344,2023,2023-09-01,2.12,2232600000,446520000,446520004.95,4.906019394216642e-9,0.0212,4321224.4759408785,0
2023-08-07,5.08,0.4380865460822579,2023,2023-07-03,1.98,2232600000,446520000,446520005.08,4.984053634280385e-9,0.019799999999999998,3972672.212169844,0
2023-08-07,5.08,0.4380865460822579,2023,2023-08-01,1.98,2232600000,446520000,446520005.08,4.984053634280385e-9,0.019799999999999998,3972672.212169844,0
2023-08-07,5.08,0.4380865460822579,2023,2023-09-01,2.12,2232600000,446520000,446520005.08,4.984053634280385e-9,0.0212,4253568.065771977,0
2023-08-07,5.08,0.4380865460822579,2023,2023-10-02,2.49,2232600000,446520000,446520005.08,4.984053634280385e-9,0.024900000000000002,4995935.678863328,0
2023-08-14,4.62,0.44884979786337414,2023,2023-07-03,1.98,2232600000,446520000,446520004.62,4.6441056272351085e-9,0.019799999999999998,4263471.147289352,0
2023-08-14,4.62,0.44884979786337414,2023,2023-08-01,1.98,2232600000,446520000,446520004.62,4.6441056272351085e-9,0.019799999999999998,4263471.147289352,0
2023-08-14,4.62,0.44884979786337414,2023,2023-09-01,2.12,2232600000,446520000,446520004.62,4.6441056272351085e-9,0.0212,4564928.545628825,0
2023-08-14,4.62,0.44884979786337414,2023,2023-10-02,2.49,2232600000,446520000,446520004.62,4.6441056272351085e-9,0.024900000000000002,5361637.384097431,0
2023-08-21,4.81,0.44882574705215195,2023,2023-07-03,1.98,2232600000,446520000,446520004.81,4.834837902143869e-9,0.019799999999999998,4095279.1330220173,0
2023-08-21,4.81,0.44882574705215195,2023,2023-08-01,1.98,2232600000,446520000,446520004.81,4.834837902143869e-9,0.019799999999999998,4095279.1330220173,0
2023-08-21,4.81,0.44882574705215195,2023,2023-09-01,2.12,2232600000,446520000,446520004.81,4.834837902143869e-9,0.0212,4384844.166707885,0
2023-08-21,4.81,0.44882574705215195,2023,2023-10-02,2.49,2232600000,446520000,446520004.81,4.834837902143869e-9,0.024900000000000002,5150123.184306251,0
2023-08-28,5.03,0.4476591210409184,2023,2023-07-03,1.98,2232600000,446520000,446520005.03,5.0428320197759895e-9,0.019799999999999998,3926367.4037217414,0
2023-08-28,5.03,0.4476591210409184,2023,2023-08-01,1.98,2232600000,446520000,446520005.03,5.0428320197759895e-9,0.019799999999999998,3926367.4037217414,0
2023-08-28,5.03,0.4476591210409184,2023,2023-09-01,2.12,2232600000,446520000,446520005.03,5.0428320197759895e-9,0.0212,4203989.18341017,0
2023-08-28,5.03,0.4476591210409184,2023,2023-10-02,2.49,2232600000,446520000,446520005.03,5.0428320197759895e-9,0.024900000000000002,4937703.886872444,0
2023-09-04,4.77,0.4458299229571547,2023,2023-08-01,1.98,2232600000,446520000,446520004.77,4.762628123685146e-9,0.019799999999999998,4157370.713901454,0
2023-09-04,4.77,0.4458299229571547,2023,2023-09-01,2.12,2232600000,446520000,446520004.77,4.762628123685146e-9,0.0212,4451326.060328279,0
2023-09-04,4.77,0.4458299229571547,2023,2023-10-02,2.49,2232600000,446520000,446520004.77,4.762628123685146e-9,0.024900000000000002,5228208.0473134555,0
2023-09-04,4.77,0.4458299229571547,2023,2023-11-01,2.31,2232600000,446520000,446520004.77,4.762628123685146e-9,0.0231,4850265.4590503955,0
2023-09-11,5.18,0.444375395004357,2023,2023-08-01,1.98,2232600000,446520000,446520005.18,5.155120754768081e-9,0.019799999999999998,3840843.4142906438,0
2023-09-11,5.18,0.444375395004357,2023,2023-09-01,2.12,2232600000,446520000,446520005.18,5.155120754768081e-9,0.0212,4112418.0420440505,0
2023-09-11,5.18,0.444375395004357,2023,2023-10-02,2.49,2232600000,446520000,446520005.18,5.155120754768081e-9,0.024900000000000002,4830150.98682091,0
2023-09-11,5.18,0.444375395004357,2023,2023-11-01,2.31,2232600000,446520000,446520005.18,5.155120754768081e-9,0.0231,4480983.608280816,0
2023-09-18,4.98,0.44696885079684096,2023,2023-08-01,1.98,2232600000,446520000,446520004.98,4.985005939583755e-9,0.019799999999999998,3971913.2520369943,0
2023-09-18,4.98,0.44696885079684096,2023,2023-09-01,2.12,2232600000,446520000,446520004.98,4.985005939583755e-9,0.0212,4252755.444998735,0
2023-09-18,4.98,0.44696885079684096,2023,2023-10-02,2.49,2232600000,446520000,446520004.98,4.985005939583755e-9,0.024900000000000002,4994981.240683333,0
2023-09-18,4.98,0.44696885079684096,2023,2023-11-01,2.31,2232600000,446520000,446520004.98,4.985005939583755e-9,0.0231,4633898.421161096,0
2023-09-25,4.56,0.44008058957132384,2023,2023-08-01,1.98,2232600000,446520000,446520004.56,4.494238708123955e-9,0.019799999999999998,4405642.7569183735,0
2023-09-25,4.56,0.44008058957132384,2023,2023-09-01,2.12,2232600000,446520000,446520004.56,4.494238708123955e-9,0.0212,4717152.690173434,0
2023-09-25,4.56,0.44008058957132384,2023,2023-10-02,2.49,2232600000,446520000,446520004.56,4.494238708123955e-9,0.024900000000000002,5540428.942347522,0
2023-09-25,4.56,0.44008058957132384,2023,2023-11-01,2.31,2232600000,446520000,446520004.56,4.494238708123955e-9,0.0231,5139916.171019587,0
2023-10-02,4.6,0.44001068264030047,2023,2023-09-01,2.12,2232600000,446520000,446520004.6,4.5329416807620045e-9,0.0212,4676876.914579312,0
2023-10-02,4.6,0.44001068264030047,2023,2023-10-02,2.49,2232600000,446520000,446520004.6,4.5329416807620045e-9,0.024900000000000002,5493123.903968777,0
2023-10-02,4.6,0.44001068264030047,2023,2023-11-01,2.31,2232600000,446520000,446520004.6,4.5329416807620045e-9,0.0231,5096030.773995523,0
2023-10-02,4.6,0.44001068264030047,2023,2023-12-01,2.02,2232600000,446520000,446520004.6,4.5329416807620045e-9,0.0202,4456269.620149728,0
2023-10-09,5.12,0.4361772975620697,2023,2023-09-01,2.12,2232600000,446520000,446520005.12,5.001405845002685e-9,0.0212,4238810.471186692,0
2023-10-09,5.12,0.4361772975620697,2023,2023-10-02,2.49,2232600000,446520000,446520005.12,5.001405845002685e-9,0.024900000000000002,4978602.464611297,0
2023-10-09,5.12,0.4361772975620697,2023,2023-11-01,2.31,2232600000,446520000,446520005.12,5.001405845002685e-9,0.0231,4618703.656999326,0
2023-10-09,5.12,0.4361772975620697,2023,2023-12-01,2.02,2232600000,446520000,446520005.12,5.001405845002685e-9,0.0202,4038866.6891800426,0
2023-10-16,5.34,0.43353515278431776,2023,2023-09-01,2.12,2232600000,446520000,446520005.34,5.184712192470424e-9,0.0212,4088946.7287960034,0
2023-10-16,5.34,0.43353515278431776,2023,2023-10-02,2.49,2232600000,446520000,446520005.34,5.184712192470424e-9,0.024900000000000002,4802583.255308195,0
2023-10-16,5.34,0.43353515278431776,2023,2023-11-01,2.31,2232600000,446520000,446520005.34,5.184712192470424e-9,0.0231,4455408.728896858,0
2023-10-16,5.34,0.43353515278431776,2023,2023-12-01,2.02,2232600000,446520000,446520005.34,5.184712192470424e-9,0.0202,3896071.9919008166,0
2023-10-23,5.31,0.43348229856399567,2023,2023-09-01,2.12,2232600000,446520000,446520005.31,5.154956055724267e-9,0.0212,4112549.4888405707,0
2023-10-23,5.31,0.43348229856399567,2023,2023-10-02,2.49,2232600000,446520000,446520005.31,5.154956055724267e-9,0.024900000000000002,4830305.364934097,0
2023-10-23,5.31,0.43348229856399567,2023,2023-11-01,2.31,2232600000,446520000,446520005.31,5.154956055724267e-9,0.0231,4481126.8306183275,0
2023-10-23,5.31,0.43348229856399567,2023,2023-12-01,2.02,2232600000,446520000,446520005.31,5.154956055724267e-9,0.0202,3918561.4142206986,0
2023-10-30,5.55,0.4326002175815504,2023,2023-09-01,2.12,2232600000,446520000,446520005.55,5.3769846316745936e-9,0.0212,3942732.568839798,0
2023-10-30,5.55,0.4326002175815504,2023,2023-10-02,2.49,2232600000,446520000,446520005.55,5.3769846316745936e-9,0.024900000000000002,4630850.585432991,0
2023-10-30,5.55,0.4326002175815504,2023,2023-11-01,2.31,2232600000,446520000,446520005.55,5.3769846316745936e-9,0.0231,4296090.469252518,0
2023-10-30,5.55,0.4326002175815504,2023,2023-12-01,2.02,2232600000,446520000,446520005.55,5.3769846316745936e-9,0.0202,3756754.7265173136,0
2023-11-06,5.18,0.4260527253087464,2023,2023-10-02,2.49,2232600000,446520000,446520005.18,4.942562688114377e-9,0.024900000000000002,5037874.716430463,0
2023-11-06,5.18,0.4260527253087464,2023,2023-11-01,2.31,2232600000,446520000,446520005.18,4.942562688114377e-9,0.0231,4673691.171661561,0
2023-11-06,5.18,0.4260527253087464,2023,2023-12-01,2.02,2232600000,446520000,446520005.18,4.942562688114377e-9,0.0202,4086951.0162005546,0
2023-11-06,5.18,0.4260527253087464,2023,2024-01-02,1.76,2232600000,446520000,446520005.18,4.942562688114377e-9,0.0176,3560908.118201032,0
2023-11-13,5.32,0.4231246597291422,2023,2023-10-02,2.49,2232600000,446520000,446520005.32,5.041259435052263e-9,0.024900000000000002,4939244.297015974,0
2023-11-13,5.32,0.4231246597291422,2023,2023-11-01,2.31,2232600000,446520000,446520005.32,5.041259435052263e-9,0.0231,4582190.663258413,0
2023-11-13,5.32,0.4231246597291422,2023,2023-12-01,2.02,2232600000,446520000,446520005.32,5.041259435052263e-9,0.0202,4006937.586649009,0
2023-11-13,5.32,0.4231246597291422,2023,2024-01-02,1.76,2232600000,446520000,446520005.32,5.041259435052263e-9,0.0176,3491193.4489991986,0
2023-11-20,5.58,0.425274063800914,2023,2023-10-02,2.49,2232600000,446520000,446520005.58,5.3144971028267625e-9,0.024900000000000002,4685299.853375833,0
2023-11-20,5.58,0.425274063800914,2023,2023-11-01,2.31,2232600000,446520000,446520005.58,5.3144971028267625e-9,0.0231,4346603.64841552,0
2023-11-20,5.58,0.425274063800914,2023,2023-12-01,2.02,2232600000,446520000,446520005.58,5.3144971028267625e-9,0.0202,3800926.4293127945,0
2023-11-20,5.58,0.425274063800914,2023,2024-01-02,1.76,2232600000,446520000,446520005.58,5.3144971028267625e-9,0.0176,3311698.5777034545,0
2023-11-27,5.94,0.4265643520763817,2023,2023-10-02,2.49,2232600000,446520000,446520005.94,5.674532423244166e-9,0.024900000000000002,4388029.082515995,0
2023-11-27,5.94,0.4265643520763817,2023,2023-11-01,2.31,2232600000,446520000,446520005.94,5.674532423244166e-9,0.0231,4070822.330356681,0
2023-11-27,5.94,0.4265643520763817,2023,2023-12-01,2.02,2232600000,446520000,446520005.94,5.674532423244166e-9,0.0202,3559767.0074333427,0
2023-11-27,5.94,0.4265643520763817,2023,2024-01-02,1.76,2232600000,446520000,446520005.94,5.674532423244166e-9,0.0176,3101579.476536557,0
2023-12-04,5.75,0.4267522057925079,2023,2023-11-01,2.31,2232600000,446520000,446520005.75,5.4954428731257815e-9,0.0231,4203485.216874515,0
2023-12-04,5.75,0.4267522057925079,2023,2023-12-01,2.02,2232600000,446520000,446520005.75,5.4954428731257815e-9,0.0202,3675775.2457306436,0
2023-12-04,5.75,0.4267522057925079,2023,2024-01-02,1.76,2232600000,446520000,446520005.75,5.4954428731257815e-9,0.0176,3202655.961256828,0
2023-12-04,5.75,0.4267522057925079,2023,2024-02-01,1.63,2232600000,446520000,446520005.75,5.4954428731257815e-9,0.0163,2966096.3190199197,0
2023-12-11,6.03,0.4272241217912836,2023,2023-11-01,2.31,2232600000,446520000,446520006.03,5.7694200027139615e-9,0.0231,4003871.0119158905,0
2023-12-11,6.03,0.4272241217912836,2023,2023-12-01,2.02,2232600000,446520000,446520006.03,5.7694200027139615e-9,0.0202,3501220.832411568,0
2023-12-11,6.03,0.4272241217912836,2023,2024-01-02,1.76,2232600000,446520000,446520006.03,5.7694200027139615e-9,0.0176,3050568.9473387282,0
2023-12-11,6.03,0.4272241217912836,2023,2024-02-01,1.63,2232600000,446520000,446520006.03,5.7694200027139615e-9,0.0163,2825243.004802307,0
2023-12-18,6.16,0.4272842618568679,2023,2023-11-01,2.31,2232600000,446520000,446520006.16,5.894631856865032e-9,0.0231,3918822.1345276604,0
2023-12-18,6.16,0.4272842618568679,2023,2023-12-01,2.02,2232600000,446520000,446520006.16,5.894631856865032e-9,0.0202,3426849.0867753075,0
2023-12-18,6.16,0.4272842618568679,2023,2024-01-02,1.76,2232600000,446520000,446520006.16,5.894631856865032e-9,0.0176,2985769.8025835436,0
2023-12-18,6.16,0.4272842618568679,2023,2024-02-01,1.63,2232600000,446520000,446520006.16,5.894631856865032e-9,0.0163,2765230.1604876607,0
2023-12-25,6.05,0.4271996565647668,2023,2023-11-01,2.31,2232600000,446520000,446520006.05,5.788224238999557e-9,0.0231,3990863.6216238914,0
2023-12-25,6.05,0.4271996565647668,2023,2023-12-01,2.02,2232600000,446520000,446520006.05,5.788224238999557e-9,0.0202,3489846.4045540085,0
2023-12-25,6.05,0.4271996565647668,2023,2024-01-02,1.76,2232600000,446520000,446520006.05,5.788224238999557e-9,0.0176,3040658.554767217,0
2023-12-25,6.05,0.4271996565647668,2023,2024-02-01,1.63,2232600000,446520000,446520006.05,5.788224238999557e-9,0.0163,2816064.6298738206,0
2024-01-01,5.71,0.4187936923248356,2024,2023-12-01,2.02,1435400000,287080000,287080005.71,8.329775447999839e-9,0.0202,2425037.747539327,0
2024-01-01,5.71,0.4187936923248356,2024,2024-01-02,1.76,1435400000,287080000,287080005.71,8.329775447999839e-9,0.0176,2112904.483415825,0
2024-01-01,5.71,0.4187936923248356,2024,2024-02-01,1.63,1435400000,287080000,287080005.71,8.329775447999839e-9,0.0163,1956837.8513540733,0
2024-01-01,5.71,0.4187936923248356,2024,2024-03-01,1.77,1435400000,287080000,287080005.71,8.329775447999839e-9,0.0177,2124909.6089590364,0
2024-01-08,5.89,0.4183987507281634,2024,2023-12-01,2.02,1435400000,287080000,287080005.89,8.584257319310322e-9,0.0202,2353147.134987294,0
2024-01-08,5.89,0.4183987507281634,2024,2024-01-02,1.76,1435400000,287080000,287080005.89,8.584257319310322e-9,0.0176,2050267.1183140653,0
2024-01-08,5.89,0.4183987507281634,2024,2024-02-01,1.63,1435400000,287080000,287080005.89,8.584257319310322e-9,0.0163,1898827.1099774505,0
2024-01-08,5.89,0.4183987507281634,2024,2024-03-01,1.77,1435400000,287080000,287080005.89,8.584257319310322e-9,0.0177,2061916.349724574,0
2024-01-15,5.4,0.4281370650117697,2024,2023-12-01,2.02,1435400000,287080000,287080005.4,8.05329562343514e-9,0.0202,2508292.2265147353,0
2024-01-15,5.4,0.4281370650117697,2024,2024-01-02,1.76,1435400000,287080000,287080005.4,8.05329562343514e-9,0.0176,2185443.032647571,0
2024-01-15,5.4,0.4281370650117697,2024,2024-02-01,1.63,1435400000,287080000,287080005.4,8.05329562343514e-9,0.0163,2024018.4357139885,0
2024-01-15,5.4,0.4281370650117697,2024,2024-03-01,1.77,1435400000,287080000,287080005.4,8.05329562343514e-9,0.0177,2197860.30933477,0
2024-01-22,5.54,0.42858912400449795,2024,2023-12-01,2.02,1435400000,287080000,287080005.54,8.270808489496446e-9,0.0202,2442327.049817393,0
2024-01-22,5.54,0.42858912400449795,2024,2024-01-02,1.76,1435400000,287080000,287080005.54,8.270808489496446e-9,0.0176,2127968.4229308097,0
2024-01-22,5.54,0.42858912400449795,2024,2024-02-01,1.63,1435400000,287080000,287080005.54,8.270808489496446e-9,0.0163,1970789.1094875177,0
2024-01-22,5.54,0.42858912400449795,2024,2024-03-01,1.77,1435400000,287080000,287080005.54,8.270808489496446e-9,0.0177,2140059.1393495244,0
2024-01-29,5.5,0.418301919283021,2024,2023-12-01,2.02,1435400000,287080000,287080005.5,8.014004848751529e-9,0.0202,2520589.8348775664,0
2024-01-29,5.5,0.418301919283021,2024,2024-01-02,1.76,1435400000,287080000,287080005.5,8.014004848751529e-9,0.0176,2196157.7875966066,0
2024-01-29,5.5,0.418301919283021,2024,2024-02-01,1.63,1435400000,287080000,287080005.5,8.014004848751529e-9,0.0163,2033941.763956126,0
2024-01-29,5.5,0.418301919283021,2024,2024-03-01,1.77,1435400000,287080000,287080005.5,8.014004848751529e-9,0.0177,2208635.943261259,0
2024-02-05,5.16,0.4210573685724838,2024,2024-01-02,1.76,1435400000,287080000,287080005.16,7.568120324587278e-9,0.0176,2325546.7961978544,0
2024-02-05,5.16,0.4210573685724838,2024,2024-02-01,1.63,1435400000,287080000,287080005.16,7.568120324587278e-9,0.0163,2153773.6287210416,0
2024-02-05,5.16,0.4210573685724838,2024,2024-03-01,1.77,1435400000,287080000,287080005.16,7.568120324587278e-9,0.0177,2338760.116772994,0
2024-02-05,5.16,0.4210573685724838,2024,2024-04-01,1.93,1435400000,287080000,287080005.16,7.568120324587278e-9,0.019299999999999998,2550173.2459752243,0
2024-02-12,5.07,0.4124753476265523,2024,2024-01-02,1.76,1435400000,287080000,287080005.07,7.284554742698648e-9,0.0176,2416073.2237234884,0
2024-02-12,5.07,0.4124753476265523,2024,2024-02-01,1.63,1435400000,287080000,287080005.07,7.284554742698648e-9,0.0163,2237613.4487725208,0
2024-02-12,5.07,0.4124753476265523,2024,2024-03-01,1.77,1435400000,287080000,287080005.07,7.284554742698648e-9,0.0177,2429800.8987197164,0
2024-02-12,5.07,0.4124753476265523,2024,2024-04-01,1.93,1435400000,287080000,287080005.07,7.284554742698648e-9,0.019299999999999998,2649443.698659368,0
2024-02-19,4.98,0.40709279351033184,2024,2024-01-02,1.76,1435400000,287080000,287080004.98,7.061871521921877e-9,0.0176,2492259.635770195,0
2024-02-19,4.98,0.40709279351033184,2024,2024-02-01,1.63,1435400000,287080000,287080004.98,7.061871521921877e-9,0.0163,2308172.4577516676,0
2024-02-19,4.98,0.40709279351033184,2024,2024-03-01,1.77,1435400000,287080000,287080004.98,7.061871521921877e-9,0.0177,2506420.187925467,0
2024-02-19,4.98,0.40709279351033184,2024,2024-04-01,1.93,1435400000,287080000,287080004.98,7.061871521921877e-9,0.019299999999999998,2732989.0224098074,0
2024-02-26,5.08,0.4062589406110502,2024,2024-01-02,1.76,1435400000,287080000,287080005.08,7.188920794846098e-9,0.0176,2448214.1614404037,0
2024-02-26,5.08,0.4062589406110502,2024,2024-02-01,1.63,1435400000,287080000,287080005.08,7.188920794846098e-9,0.0163,2267380.342693645,0
2024-02-26,5.08,0.4062589406110502,2024,2024-03-01,1.77,1435400000,287080000,287080005.08,7.188920794846098e-9,0.0177,2462124.4551901543,0
2024-02-26,5.08,0.4062589406110502,2024,2024-04-01,1.93,1435400000,287080000,287080005.08,7.188920794846098e-9,0.019299999999999998,2684689.155186164,0
2024-03-04,5.37,0.4019320306727172,2024,2024-02-01,1.63,1435400000,287080000,287080005.37,7.518374544861434e-9,0.0163,2168024.299444836,0
2024-03-04,5.37,0.4019320306727172,2024,2024-03-01,1.77,1435400000,287080000,287080005.37,7.518374544861434e-9,0.0177,2354234.7617789926,0
2024-03-04,5.37,0.4019320306727172,2024,2024-04-01,1.93,1435400000,287080000,287080005.37,7.518374544861434e-9,0.019299999999999998,2567046.7187323137,0
2024-03-04,5.37,0.4019320306727172,2024,2024-05-01,2.25,1435400000,287080000,287080005.37,7.518374544861434e-9,0.0225,2992670.632638957,0
2024-03-11,5.67,0.3718251115194576,2024,2024-02-01,1.63,1435400000,287080000,287080005.67,7.343765990929954e-9,0.0163,2219572.324434585,0
2024-03-11,5.67,0.3718251115194576,2024,2024-03-01,1.77,1435400000,287080000,287080005.67,7.343765990929954e-9,0.0177,2410210.2071951595,0
2024-03-11,5.67,0.3718251115194576,2024,2024-04-01,1.93,1435400000,287080000,287080005.67,7.343765990929954e-9,0.019299999999999998,2628082.0732072447,0
2024-03-11,5.67,0.3718251115194576,2024,2024-05-01,2.25,1435400000,287080000,287080005.67,7.343765990929954e-9,0.0225,3063825.8052314157,0
2024-03-18,5.65,0.3686788467925915,2024,2024-02-01,1.63,1435400000,287080000,287080005.65,7.255940655503963e-9,0.0163,2246437.8438046593,0
2024-03-18,5.65,0.3686788467925915,2024,2024-03-01,1.77,1435400000,287080000,287080005.65,7.255940655503963e-9,0.0177,2439383.1925153104,0
2024-03-18,5.65,0.3686788467925915,2024,2024-04-01,1.93,1435400000,287080000,287080005.65,7.255940655503963e-9,0.019299999999999998,2659892.1624703393,0
2024-03-18,5.65,0.3686788467925915,2024,2024-05-01,2.25,1435400000,287080000,287080005.65,7.255940655503963e-9,0.0225,3100910.1023803987,0
2024-03-25,6.13,0.3695667666366667,2024,2024-02-01,1.63,1435400000,287080000,287080006.13,7.891334231255706e-9,0.0163,2065559.6221450348,0
2024-03-25,6.13,0.3695667666366667,2024,2024-03-01,1.77,1435400000,287080000,287080006.13,7.891334231255706e-9,0.0177,2242969.418634827,0
2024-03-25,6.13,0.3695667666366667,2024,2024-04-01,1.93,1435400000,287080000,287080006.13,7.891334231255706e-9,0.019299999999999998,2445723.4717660164,0
2024-03-25,6.13,0.3695667666366667,2024,2024-05-01,2.25,1435400000,287080000,287080006.13,7.891334231255706e-9,0.0225,2851231.578028397,0
2024-04-01,6.4,0.3661157281233548,2024,2024-02-01,1.63,1435400000,287080000,287080006.4,8.16197787290237e-9,0.0163,1997067.6896286171,0
2024-04-01,6.4,0.3661157281233548,2024,2024-03-01,1.77,1435400000,287080000,287080006.4,8.16197787290237e-9,0.0177,2168594.7412576075,0
2024-04-01,6.4,0.3661157281233548,2024,2024-04-01,1.93,1435400000,287080000,287080006.4,8.16197787290237e-9,0.019299999999999998,2364625.6574050244,0
2024-04-01,6.4,0.3661157281233548,2024,2024-05-01,2.25,1435400000,287080000,287080006.4,8.16197787290237e-9,0.0225,2756687.489699859,0
2024-04-08,6.38,0.3621328684553895,2024,2024-03-01,1.77,1435400000,287080000,287080006.38,8.047957535876466e-9,0.0177,2199318.540743577,0
2024-04-08,6.38,0.3621328684553895,2024,2024-04-01,1.93,1435400000,287080000,287080006.38,8.047957535876466e-9,0.019299999999999998,2398126.7467843597,0
2024-04-08,6.38,0.3621328684553895,2024,2024-05-01,2.25,1435400000,287080000,287080006.38,8.047957535876466e-9,0.0225,2795743.1588659254,0
2024-04-08,6.38,0.3621328684553895,2024,2024-06-03,2.11,1435400000,287080000,287080006.38,8.047957535876466e-9,0.021099999999999997,2621785.97858024,0
2024-04-15,6.77,0.3576263630548309,2024,2024-03-01,1.77,1435400000,287080000,287080006.77,8.433643656073002e-9,0.0177,2098739.7978963237,0
2024-04-15,6.77,0.3576263630548309,2024,2024-04-01,1.93,1435400000,287080000,287080006.77,8.433643656073002e-9,0.019299999999999998,2288456.1370314076,0
2024-04-15,6.77,0.3576263630548309,2024,2024-05-01,2.25,1435400000,287080000,287080006.77,8.433643656073002e-9,0.0225,2667888.815301577,0
2024-04-15,6.77,0.3576263630548309,2024,2024-06-03,2.11,1435400000,287080000,287080006.77,8.433643656073002e-9,0.021099999999999997,2501887.018558378,0
2024-04-22,6.74,0.35756219124279986,2024,2024-03-01,1.77,1435400000,287080000,287080006.74,8.394764917081496e-9,0.0177,2108459.6951321666,0
2024-04-22,6.74,0.35756219124279986,2024,2024-04-01,1.93,1435400000,287080000,287080006.74,8.394764917081496e-9,0.019299999999999998,2299054.6690002675,0
2024-04-22,6.74,0.35756219124279986,2024,2024-05-01,2.25,1435400000,287080000,287080006.74,8.394764917081496e-9,0.0225,2680244.61673647,0
2024-04-22,6.74,0.35756219124279986,2024,2024-06-03,2.11,1435400000,287080000,287080006.74,8.394764917081496e-9,0.021099999999999997,2513474.014601881,0
2024-04-29,6.59,0.35543841569513523,2024,2024-03-01,1.77,1435400000,287080000,287080006.59,8.159185960923457e-9,0.0177,2169336.872580619,0
2024-04-29,6.59,0.35543841569513523,2024,2024-04-01,1.93,1435400000,287080000,287080006.59,8.159185960923457e-9,0.019299999999999998,2365434.866628411,0
2024-04-29,6.59,0.35543841569513523,2024,2024-05-01,2.25,1435400000,287080000,287080006.59,8.159185960923457e-9,0.0225,2757630.854723996,0
2024-04-29,6.59,0.35543841569513523,2024,2024-06-03,2.11,1435400000,287080000,287080006.59,8.159185960923457e-9,0.021099999999999997,2586045.1099321777,0
2024-05-06,7.59,0.3808447263959594,2024,2024-04-01,1.93,1435400000,287080000,287080007.59,1.0069010021323484e-8,0.019299999999999998,1916774.975667972,0
2024-05-06,7.59,0.3808447263959594,2024,2024-05-01,2.25,1435400000,287080000,287080007.59,1.0069010021323484e-8,0.0225,2234581.790163464,0
2024-05-06,7.59,0.3808447263959594,2024,2024-06-03,2.11,1435400000,287080000,287080007.59,1.0069010021323484e-8,0.021099999999999997,2095541.3088216858,0
2024-05-06,7.59,0.3808447263959594,2024,2024-07-01,2.15,1435400000,287080000,287080007.59,1.0069010021323484e-8,0.0215,2135267.1606336227,0
2024-05-13,8,0.3817714348021783,2024,2024-04-01,1.93,1435400000,287080000,287080008,1.063874666750541e-8,0.019299999999999998,1814126.0874032734,0
2024-05-13,8,0.3817714348021783,2024,2024-05-01,2.25,1435400000,287080000,287080008,1.063874666750541e-8,0.0225,2114913.398165542,0
2024-05-13,8,0.3817714348021783,2024,2024-06-03,2.11,1435400000,287080000,287080008,1.063874666750541e-8,0.021099999999999997,1983318.9497070494,0
2024-05-13,8,0.3817714348021783,2024,2024-07-01,2.15,1435400000,287080000,287080008,1.063874666750541e-8,0.0215,2020917.363552333,0
2024-05-20,8.07,0.37021806530989143,2024,2024-04-01,1.93,1435400000,287080000,287080008.07,1.040706319864088e-8,0.019299999999999998,1854512.4347040774,0
2024-05-20,8.07,0.37021806530989143,2024,2024-05-01,2.25,1435400000,287080000,287080008.07,1.040706319864088e-8,0.0225,2161995.9138490786,0
2024-05-20,8.07,0.37021806530989143,2024,2024-06-03,2.11,1435400000,287080000,287080008.07,1.040706319864088e-8,0.021099999999999997,2027471.8917231406,0
2024-05-20,8.07,0.37021806530989143,2024,2024-07-01,2.15,1435400000,287080000,287080008.07,1.040706319864088e-8,0.0215,2065907.3266162658,0
2024-05-27,8.13,0.3700002031319681,2024,2024-04-01,1.93,1435400000,287080000,287080008.13,1.0478269354446743e-8,0.019299999999999998,1841909.9248905291,0
2024-05-27,8.13,0.3700002031319681,2024,2024-05-01,2.25,1435400000,287080000,287080008.13,1.0478269354446743e-8,0.0225,2147303.868465953,0
2024-05-27,8.13,0.3700002031319681,2024,2024-06-03,2.11,1435400000,287080000,287080008.13,1.0478269354446743e-8,0.021099999999999997,2013694.018151705,0
2024-05-27,8.13,0.3700002031319681,2024,2024-07-01,2.15,1435400000,287080000,287080008.13,1.0478269354446743e-8,0.0215,2051868.261098633,0
2024-06-03,7.4,0.384261985728645,2024,2024-05-01,2.25,1435400000,287080000,287080007.4,9.905039086995557e-9,0.0225,2271573.6484399233,0
2024-06-03,7.4,0.384261985728645,2024,2024-06-03,2.11,1435400000,287080000,287080007.4,9.905039086995557e-9,0.021099999999999997,2130231.4500191137,0
2024-06-03,7.4,0.384261985728645,2024,2024-07-01,2.15,1435400000,287080000,287080007.4,9.905039086995557e-9,0.0215,2170614.935282202,0
2024-06-03,7.4,0.384261985728645,2024,2024-08-01,1.78,1435400000,287080000,287080007.4,9.905039086995557e-9,0.0178,1797067.6965986344,0
2024-06-10,7.41,0.3843171903818969,2024,2024-05-01,2.25,1435400000,287080000,287080007.41,9.919849196125725e-9,0.0225,2268182.244182482,0
2024-06-10,7.41,0.3843171903818969,2024,2024-06-03,2.11,1435400000,287080000,287080007.41,9.919849196125725e-9,0.021099999999999997,2127051.0664477656,0
2024-06-10,7.41,0.3843171903818969,2024,2024-07-01,2.15,1435400000,287080000,287080007.41,9.919849196125725e-9,0.0215,2167374.260086256,0
2024-06-10,7.41,0.3843171903818969,2024,2024-08-01,1.78,1435400000,287080000,287080007.41,9.919849196125725e-9,0.0178,1794384.718930221,0
2024-06-17,7.62,0.379027211970314,2024,2024-05-01,2.25,1435400000,287080000,287080007.62,1.00605659695983e-8,0.0225,2236457.3336247304,0
2024-06-17,7.62,0.379027211970314,2024,2024-06-03,2.11,1435400000,287080000,287080007.62,1.00605659695983e-8,0.021099999999999997,2097300.1525843577,0
2024-06-17,7.62,0.379027211970314,2024,2024-07-01,2.15,1435400000,287080000,287080007.62,1.00605659695983e-8,0.0215,2137059.3471673215,0
2024-06-17,7.62,0.379027211970314,2024,2024-08-01,1.78,1435400000,287080000,287080007.62,1.00605659695983e-8,0.0178,1769286.7972749087,0
2024-06-24,8.32,0.3863078957479267,2024,2024-05-01,2.25,1435400000,287080000,287080008.32,1.1195769818426728e-8,0.0225,2009690.2085675306,0
2024-06-24,8.32,0.3863078957479267,2024,2024-06-03,2.11,1435400000,287080000,287080008.32,1.1195769818426728e-8,0.021099999999999997,1884642.9788812082,0
2024-06-24,8.32,0.3863078957479267,2024,2024-07-01,2.15,1435400000,287080000,287080008.32,1.1195769818426728e-8,0.0215,1920370.7587915862,0
2024-06-24,8.32,0.3863078957479267,2024,2024-08-01,1.78,1435400000,287080000,287080008.32,1.1195769818426728e-8,0.0178,1589888.7946205921,0
2024-07-01,8.47,0.3830919193500547,2024,2024-06-03,2.11,1435400000,287080000,287080008.47,1.1302732552462097e-8,0.021099999999999997,1866807.8189087366,0
2024-07-01,8.47,0.3830919193500547,2024,2024-07-01,2.15,1435400000,287080000,287080008.47,1.1302732552462097e-8,0.0215,1902197.4911090992,0
2024-07-01,8.47,0.3830919193500547,2024,2024-08-01,1.78,1435400000,287080000,287080008.47,1.1302732552462097e-8,0.0178,1574843.0232557463,0
2024-07-08,9.21,0.3801956844659643,2024,2024-06-03,2.11,1435400000,287080000,287080009.21,1.2197304380640792e-8,0.021099999999999997,1729893.0503971295,0
2024-07-08,9.21,0.3801956844659643,2024,2024-07-01,2.15,1435400000,287080000,287080009.21,1.2197304380640792e-8,0.0215,1762687.1815852362,0
2024-07-08,9.21,0.3801956844659643,2024,2024-08-01,1.78,1435400000,287080000,287080009.21,1.2197304380640792e-8,0.0178,1459341.4680952514,0
2024-07-08,9.21,0.3801956844659643,2024,2024-09-03,1.7,1435400000,287080000,287080009.21,1.2197304380640792e-8,0.017,1393753.2057190384,0
2024-07-15,8.82,0.38375877282413134,2024,2024-06-03,2.11,1435400000,287080000,287080008.82,1.1790275436528526e-8,0.021099999999999997,1789613.0448124132,0
2024-07-15,8.82,0.38375877282413134,2024,2024-07-01,2.15,1435400000,287080000,287080008.82,1.1790275436528526e-8,0.0215,1823539.3090590248,0
2024-07-15,8.82,0.38375877282413134,2024,2024-08-01,1.78,1435400000,287080000,287080008.82,1.1790275436528526e-8,0.0178,1509721.3647778681,0
2024-07-15,8.82,0.38375877282413134,2024,2024-09-03,1.7,1435400000,287080000,287080008.82,1.1790275436528526e-8,0.017,1441868.8362846451,0
2024-07-22,8.61,0.3826604768014209,2024,2024-06-03,2.11,1435400000,287080000,287080008.61,1.1476614903325134e-8,0.021099999999999997,1838523.8303610068,0
2024-07-22,8.61,0.3826604768014209,2024,2024-07-01,2.15,1435400000,287080000,287080008.61,1.1476614903325134e-8,0.0215,1873377.3131492205,0
2024-07-22,8.61,0.3826604768014209,2024,2024-08-01,1.78,1435400000,287080000,287080008.61,1.1476614903325134e-8,0.0178,1550982.5973582435,0
2024-07-22,8.61,0.3826604768014209,2024,2024-09-03,1.7,1435400000,287080000,287080008.61,1.1476614903325134e-8,0.017,1481275.631781816,0
2024-07-29,8.75,0.38262343309634433,2024,2024-06-03,2.11,1435400000,287080000,287080008.75,1.166209745558611e-8,0.021099999999999997,1809282.6405940782,0
2024-07-29,8.75,0.38262343309634433,2024,2024-07-01,2.15,1435400000,287080000,287080008.75,1.166209745558611e-8,0.0215,1843581.7880264642,0
2024-07-29,8.75,0.38262343309634433,2024,2024-08-01,1.78,1435400000,287080000,287080008.75,1.166209745558611e-8,0.0178,1526314.674276895,0
2024-07-29,8.75,0.38262343309634433,2024,2024-09-03,1.7,1435400000,287080000,287080008.75,1.166209745558611e-8,0.017,1457716.3794121235,0
2024-08-05,8.48,0.3846195128569697,2024,2024-07-01,2.15,1435400000,287080000,287080008.48,1.1361200267117614e-8,0.0215,1892408.2872679313,0
2024-08-05,8.48,0.3846195128569697,2024,2024-08-01,1.78,1435400000,287080000,287080008.48,1.1361200267117614e-8,0.0178,1566738.4713146999,0
2024-08-05,8.48,0.3846195128569697,2024,2024-09-03,1.7,1435400000,287080000,287080008.48,1.1361200267117614e-8,0.017,1496323.3759734607,0
2024-08-05,8.48,0.3846195128569697,2024,2024-10-01,1.44,1435400000,287080000,287080008.48,1.1361200267117614e-8,0.0144,1267474.316114433,0
2024-08-12,9.17,0.3753915546246695,2024,2024-07-01,2.15,1435400000,287080000,287080009.17,1.1990875177483258e-8,0.0215,1793032.7539968353,0
2024-08-12,9.17,0.3753915546246695,2024,2024-08-01,1.78,1435400000,287080000,287080009.17,1.1990875177483258e-8,0.0178,1484464.785000882,0
2024-08-12,9.17,0.3753915546246695,2024,2024-09-03,1.7,1435400000,287080000,287080009.17,1.1990875177483258e-8,0.017,1417747.3862990544,0
2024-08-12,9.17,0.3753915546246695,2024,2024-10-01,1.44,1435400000,287080000,287080009.17,1.1990875177483258e-8,0.0144,1200915.8405181144,0
2024-08-19,9.15,0.3746656448984061,2024,2024-07-01,2.15,1435400000,287080000,287080009.15,1.194158611381811e-8,0.0215,1800433.5159271322,0
2024-08-19,9.15,0.3746656448984061,2024,2024-08-01,1.78,1435400000,287080000,287080009.15,1.194158611381811e-8,0.0178,1490591.9283244123,0
2024-08-19,9.15,0.3746656448984061,2024,2024-09-03,1.7,1435400000,287080000,287080009.15,1.194158611381811e-8,0.017,1423599.152626527,0
2024-08-19,9.15,0.3746656448984061,2024,2024-10-01,1.44,1435400000,287080000,287080009.15,1.194158611381811e-8,0.0144,1205872.6316083993,0
2024-08-26,9.04,0.3739701352689054,2024,2024-07-01,2.15,1435400000,287080000,287080009.04,1.1776124830621205e-8,0.0215,1825730.6031245287,0
2024-08-26,9.04,0.3739701352689054,2024,2024-08-01,1.78,1435400000,287080000,287080009.04,1.1776124830621205e-8,0.0178,1511535.564160695,0
2024-08-26,9.04,0.3739701352689054,2024,2024-09-03,1.7,1435400000,287080000,287080009.04,1.1776124830621205e-8,0.017,1443601.5016820284,0
2024-08-26,9.04,0.3739701352689054,2024,2024-10-01,1.44,1435400000,287080000,287080009.04,1.1776124830621205e-8,0.0144,1222815.7986263612,0
2024-09-02,8.33,0.3800624673353406,2024,2024-08-01,1.78,1435400000,287080000,287080008.33,1.1028007039989162e-8,0.0178,1614074.8688095722,0
2024-09-02,8.33,0.3800624673353406,2024,2024-09-03,1.7,1435400000,287080000,287080008.33,1.1028007039989162e-8,0.017,1541532.296330331,0
2024-09-02,8.33,0.3800624673353406,2024,2024-10-01,1.44,1435400000,287080000,287080008.33,1.1028007039989162e-8,0.0144,1305768.9357727955,0
2024-09-02,8.33,0.3800624673353406,2024,2024-11-01,1.85,1435400000,287080000,287080008.33,1.1028007039989162e-8,0.018500000000000003,1677549.6197289089,0
2024-09-09,9.84,0.4047636685681038,2024,2024-08-01,1.78,1435400000,287080000,287080009.84,1.387374377244149e-8,0.0178,1283001.5148122339,0
2024-09-09,9.84,0.4047636685681038,2024,2024-09-03,1.7,1435400000,287080000,287080009.84,1.387374377244149e-8,0.017,1225338.6364196616,0
2024-09-09,9.84,0.4047636685681038,2024,2024-10-01,1.44,1435400000,287080000,287080009.84,1.387374377244149e-8,0.0144,1037934.2816438017,0
2024-09-09,9.84,0.4047636685681038,2024,2024-11-01,1.85,1435400000,287080000,287080009.84,1.387374377244149e-8,0.018500000000000003,1333456.5334057347,0
2024-09-16,9.56,0.4035293918300995,2024,2024-08-01,1.78,1435400000,287080000,287080009.56,1.3437860030060643e-8,0.0178,1324618.1505836928,0
2024-09-16,9.56,0.4035293918300995,2024,2024-09-03,1.7,1435400000,287080000,287080009.56,1.3437860030060643e-8,0.017,1265084.8619342805,0
2024-09-16,9.56,0.4035293918300995,2024,2024-10-01,1.44,1435400000,287080000,287080009.56,1.3437860030060643e-8,0.0144,1071601.6738236905,0
2024-09-16,9.56,0.4035293918300995,2024,2024-11-01,1.85,1435400000,287080000,287080009.56,1.3437860030060643e-8,0.018500000000000003,1376709.7781519287,0
2024-09-23,9.46,0.3910641355168115,2024,2024-08-01,1.78,1435400000,287080000,287080009.46,1.2886535460785886e-8,0.0178,1381289.2539389173,0
2024-09-23,9.46,0.3910641355168115,2024,2024-09-03,1.7,1435400000,287080000,287080009.46,1.2886535460785886e-8,0.017,1319208.9529585317,0
2024-09-23,9.46,0.3910641355168115,2024,2024-10-01,1.44,1435400000,287080000,287080009.46,1.2886535460785886e-8,0.0144,1117447.9747722782,0
2024-09-23,9.46,0.3910641355168115,2024,2024-11-01,1.85,1435400000,287080000,287080009.46,1.2886535460785886e-8,0.018500000000000003,1435609.5172967548,0
2024-09-30,9.42,0.3914582885945859,2024,2024-08-01,1.78,1435400000,287080000,287080009.42,1.2844980345413419e-8,0.0178,1385757.886309912,0
2024-09-30,9.42,0.3914582885945859,2024,2024-09-03,1.7,1435400000,287080000,287080009.42,1.2844980345413419e-8,0.017,1323476.7478038764,0
2024-09-30,9.42,0.3914582885945859,2024,2024-10-01,1.44,1435400000,287080000,287080009.42,1.2844980345413419e-8,0.0144,1121063.04765926,0
2024-09-30,9.42,0.3914582885945859,2024,2024-11-01,1.85,1435400000,287080000,287080009.42,1.2844980345413419e-8,0.018500000000000003,1440253.8825026935,0
2024-10-07,9.82,0.38087440327467487,2024,2024-09-03,1.7,1435400000,287080000,287080009.82,1.3028377149988308e-8,0.017,1304846.6444270504,0
2024-10-07,9.82,0.38087440327467487,2024,2024-10-01,1.44,1435400000,287080000,287080009.82,1.3028377149988308e-8,0.0144,1105282.2650674665,0
2024-10-07,9.82,0.38087440327467487,2024,2024-11-01,1.85,1435400000,287080000,287080009.82,1.3028377149988308e-8,0.018500000000000003,1419979.9402114258,0
2024-10-07,9.82,0.38087440327467487,2024,2024-12-02,1.75,1435400000,287080000,287080009.82,1.3028377149988308e-8,0.0175,1343224.4096885088,0
2024-10-14,10.61,0.3852777117914045,2024,2024-09-03,1.7,1435400000,287080000,287080010.61,1.4239223808794192e-8,0.017,1193887.896321934,0
2024-10-14,10.61,0.3852777117914045,2024,2024-10-01,1.44,1435400000,287080000,287080010.61,1.4239223808794192e-8,0.0144,1011293.673847937,0
2024-10-14,10.61,0.3852777117914045,2024,2024-11-01,1.85,1435400000,287080000,287080010.61,1.4239223808794192e-8,0.018500000000000003,1299230.7169800093,0
2024-10-14,10.61,0.3852777117914045,2024,2024-12-02,1.75,1435400000,287080000,287080010.61,1.4239223808794192e-8,0.0175,1229002.1698746257,0
2024-10-21,10.53,0.3853790087300249,2024,2024-09-03,1.7,1435400000,287080000,287080010.53,1.4135574798242858e-8,0.017,1202642.0518664382,0
2024-10-21,10.53,0.3853790087300249,2024,2024-10-01,1.44,1435400000,287080000,287080010.53,1.4135574798242858e-8,0.0144,1018708.9584401138,0
2024-10-21,10.53,0.3853790087300249,2024,2024-11-01,1.85,1435400000,287080000,287080010.53,1.4135574798242858e-8,0.018500000000000003,1308757.2980739332,0
2024-10-21,10.53,0.3853790087300249,2024,2024-12-02,1.75,1435400000,287080000,287080010.53,1.4135574798242858e-8,0.0175,1238013.8006022698,0
2024-10-28,9.98,0.38974112065327937,2024,2024-09-03,1.7,1435400000,287080000,287080009.98,1.3548893161842602e-8,0.017,1254717.6039224365,0
2024-10-28,9.98,0.38974112065327937,2024,2024-10-01,1.44,1435400000,287080000,287080009.98,1.3548893161842602e-8,0.0144,1062820.0098575342,0
2024-10-28,9.98,0.38974112065327937,2024,2024-11-01,1.85,1435400000,287080000,287080009.98,1.3548893161842602e-8,0.018500000000000003,1365427.7543444955,0
2024-10-28,9.98,0.38974112065327937,2024,2024-12-02,1.75,1435400000,287080000,287080009.98,1.3548893161842602e-8,0.0175,1291620.987396456,0
2024-11-04,10.47,0.3826598944786387,2024,2024-10-01,1.44,1435400000,287080000,287080010.47,1.3955862299963315e-8,0.0144,1031827.0674473015,0
2024-11-04,10.47,0.3826598944786387,2024,2024-11-01,1.85,1435400000,287080000,287080010.47,1.3955862299963315e-8,0.018500000000000003,1325610.4189791363,0
2024-11-04,10.47,0.3826598944786387,2024,2024-12-02,1.75,1435400000,287080000,287080010.47,1.3955862299963315e-8,0.0175,1253955.9429957618,0
2024-11-04,10.47,0.3826598944786387,2024,2025-01-02,1.97,1435400000,287080000,287080010.47,1.3955862299963315e-8,0.0197,1411595.7901591852,0
2024-11-11,9.25,0.4062802920159972,2024,2024-10-01,1.44,1435400000,287080000,287080009.25,1.3090750244038366e-8,0.0144,1100015.809066478,0
2024-11-11,9.25,0.4062802920159972,2024,2024-11-01,1.85,1435400000,287080000,287080009.25,1.3090750244038366e-8,0.018500000000000003,1413214.053901007,0
2024-11-11,9.25,0.4062802920159972,2024,2024-12-02,1.75,1435400000,287080000,287080009.25,1.3090750244038366e-8,0.0175,1336824.238087707,0
2024-11-11,9.25,0.4062802920159972,2024,2025-01-02,1.97,1435400000,287080000,287080009.25,1.3090750244038366e-8,0.0197,1504881.8328769663,0
2024-11-18,10.22,0.4143678948729682,2024,2024-10-01,1.44,1435400000,287080000,287080010.22,1.4751427249693982e-8,0.0144,976179.1422677996,0
2024-11-18,10.22,0.4143678948729682,2024,2024-11-01,1.85,1435400000,287080000,287080010.22,1.4751427249693982e-8,0.018500000000000003,1254118.3498170255,0
2024-11-18,10.22,0.4143678948729682,2024,2024-12-02,1.75,1435400000,287080000,287080010.22,1.4751427249693982e-8,0.0175,1186328.299195263,0
2024-11-18,10.22,0.4143678948729682,2024,2025-01-02,1.97,1435400000,287080000,287080010.22,1.4751427249693982e-8,0.0197,1335466.4105631402,0
2024-11-25,9.71,0.4157308694335136,2024,2024-10-01,1.44,1435400000,287080000,287080009.71,1.4061399629591846e-8,0.0144,1024082.5382004789,0
2024-11-25,9.71,0.4157308694335136,2024,2024-11-01,1.85,1435400000,287080000,287080009.71,1.4061399629591846e-8,0.018500000000000003,1315660.9093443914,0
2024-11-25,9.71,0.4157308694335136,2024,2024-12-02,1.75,1435400000,287080000,287080009.71,1.4061399629591846e-8,0.0175,1244544.2334556323,0
2024-11-25,9.71,0.4157308694335136,2024,2025-01-02,1.97,1435400000,287080000,287080009.71,1.4061399629591846e-8,0.0197,1401000.920410902,0
2024-12-02,9.75,0.41356952818900927,2024,2024-11-01,1.85,1435400000,287080000,287080009.75,1.4045920171712134e-8,0.018500000000000003,1317110.8575653199,0
2024-12-02,9.75,0.41356952818900927,2024,2024-12-02,1.75,1435400000,287080000,287080009.75,1.4045920171712134e-8,0.0175,1245915.8067765536,0
2024-12-02,9.75,0.41356952818900927,2024,2025-01-02,1.97,1435400000,287080000,287080009.75,1.4045920171712134e-8,0.0197,1402544.918511839,0
2024-12-09,9.77,0.411874474217624,2024,2024-11-01,1.85,1435400000,287080000,287080009.77,1.4017045688169326e-8,0.018500000000000003,1319824.0516501374,0
2024-12-09,9.77,0.411874474217624,2024,2024-12-02,1.75,1435400000,287080000,287080009.77,1.4017045688169326e-8,0.0175,1248482.3422595472,0
2024-12-09,9.77,0.411874474217624,2024,2025-01-02,1.97,1435400000,287080000,287080009.77,1.4017045688169326e-8,0.0197,1405434.1029188454,0
2024-12-09,9.77,0.411874474217624,2024,2025-02-03,1.74,1435400000,287080000,287080009.77,1.4017045688169326e-8,0.0174,1241348.171320488,0
2024-12-16,9.25,0.4165957559386635,2024,2024-11-01,1.85,1435400000,287080000,287080009.25,1.3423124628217689e-8,0.018500000000000003,1378220.9979703862,0
2024-12-16,9.25,0.4165957559386635,2024,2024-12-02,1.75,1435400000,287080000,287080009.25,1.3423124628217689e-8,0.0175,1303722.6953994757,0
2024-12-16,9.25,0.4165957559386635,2024,2025-01-02,1.97,1435400000,287080000,287080009.25,1.3423124628217689e-8,0.0197,1467618.9610554783,0
2024-12-16,9.25,0.4165957559386635,2024,2025-02-03,1.74,1435400000,287080000,287080009.25,1.3423124628217689e-8,0.0174,1296272.8651423843,0
2024-12-23,9.31,0.4157661728779093,2024,2024-11-01,1.85,1435400000,287080000,287080009.31,1.3483290176828425e-8,0.018500000000000003,1372071.0737040378,0
2024-12-23,9.31,0.4157661728779093,2024,2024-12-02,1.75,1435400000,287080000,287080009.31,1.3483290176828425e-8,0.0175,1297905.1997307444,0
2024-12-23,9.31,0.4157661728779093,2024,2025-01-02,1.97,1435400000,287080000,287080009.31,1.3483290176828425e-8,0.0197,1461070.1224719894,0
2024-12-23,9.31,0.4157661728779093,2024,2025-02-03,1.74,1435400000,287080000,287080009.31,1.3483290176828425e-8,0.0174,1290488.6123334148,0
2024-12-30,9.78,0.4121755419156943,2024,2024-11-01,1.85,1435400000,287080000,287080009.78,1.4041649235781527e-8,0.018500000000000003,1317511.4800628708,0
2024-12-30,9.78,0.4121755419156943,2024,2024-12-02,1.75,1435400000,287080000,287080009.78,1.4041649235781527e-8,0.0175,1246294.7744460008,0
2024-12-30,9.78,0.4121755419156943,2024,2025-01-02,1.97,1435400000,287080000,287080009.78,1.4041649235781527e-8,0.0197,1402971.5268031145,0
2024-12-30,9.78,0.4121755419156943,2024,2025-02-03,1.74,1435400000,287080000,287080009.78,1.4041649235781527e-8,0.0174,1239173.1038843135,0
