Date,Close,RollingVolatility,Year,Date.y,RiskFreeRate,TotalDebt,EffectiveDebt,EquityValue,EstimatedAssetValue,EstimatedAssetVolatility,r,d2,ApproxDefaultProbability
2022-05-02,4.92,0.3971655452041545,2022,2022-07-01,0.28,2640500000,528100000,4920000000,5448100000,0.3586671467859327,0.0028000000000000004,6.335164797159799,1.1854386259608647e-10
2022-05-09,4.16,0.4275050636936771,2022,2022-07-01,0.28,2640500000,528100000,4160000000,4688100000,0.3793479373233712,0.0028000000000000004,5.5736287602280505,1.247435491774574e-8
2022-05-16,4.5,0.4347788042040438,2022,2022-07-01,0.28,2640500000,528100000,4500000000,5028100000,0.3891141025274352,0.0028000000000000004,5.604029491263603,1.0471252552100041e-8
2022-05-23,4.55,0.43495143715512496,2022,2022-07-01,0.28,2640500000,528100000,4550000000,5078100000,0.3897184063046845,0.0028000000000000004,5.620126074649851,9.540907987009886e-9
2022-05-30,4.55,0.4350733464053764,2022,2022-07-01,0.28,2640500000,528100000,4550000000,5078100000,0.3898276375306636,0.0028000000000000004,5.618442077459486,9.634348443115695e-9
2022-06-06,4.53,0.4349798091855083,2022,2022-07-01,0.28,2640500000,528100000,4530000000,5058100000,0.38956496226060233,0.0028000000000000004,5.612363328016083,9.97909155852051e-9
2022-06-13,4.1,0.4025665619390627,2022,2022-07-01,0.28,2640500000,528100000,4099999999.9999995,4628100000,0.3566307780623057,0.0028000000000000004,5.915987653970386,1.649449783827556e-9
2022-06-20,4,0.40287801697173137,2022,2022-07-01,0.28,2640500000,528100000,4000000000,4528100000,0.355891448485441,0.0028000000000000004,5.867639394164352,2.2102166871540795e-9
2022-06-27,3.7,0.4082527015537064,2022,2022-07-01,0.28,2640500000,528100000,3700000000,4228100000,0.3572609436268569,0.0028000000000000004,5.651904256376754,7.933998780133036e-9
2022-07-04,3.35,0.4176682705638385,2022,2022-07-01,0.28,2640500000,528100000,3350000000,3878100000,0.360792322629344,0.0028000000000000004,5.353576811542415,4.3116202262211455e-8
2022-07-04,3.35,0.4176682705638385,2022,2022-09-01,0.87,2640500000,528100000,3350000000,3878100000,0.360792322629344,0.0087,5.36992970940067,3.938366851295283e-8
2022-07-11,3.09,0.4232654303306828,2022,2022-07-01,0.28,2640500000,528100000,3090000000,3618100000,0.36148535964230116,0.0028000000000000004,5.150645145531711,1.2979597087204155e-7
2022-07-11,3.09,0.4232654303306828,2022,2022-09-01,0.87,2640500000,528100000,3090000000,3618100000,0.36148535964230116,0.0087,5.166966691737174,1.1896182133749713e-7
2022-07-18,3.25,0.4280590906535437,2022,2022-07-01,0.28,2640500000,528100000,3250000000,3778100000,0.36822531024166033,0.0028000000000000004,5.167205687815186,1.1880985950589372e-7
2022-07-18,3.25,0.4280590906535437,2022,2022-09-01,0.87,2640500000,528100000,3250000000,3778100000,0.36822531024166033,0.0087,5.183228486454769,1.0903880414239827e-7
2022-07-25,3.41,0.42442331820475143,2022,2022-07-01,0.28,2640500000,528100000,3410000000,3938100000,0.36750806609232944,0.0028000000000000004,5.290868644375873,6.086838924794696e-8
2022-07-25,3.41,0.42442331820475143,2022,2022-09-01,0.87,2640500000,528100000,3410000000,3938100000,0.36750806609232944,0.0087,5.306922713781026,5.574571073826869e-8
2022-08-01,3.35,0.4219267601786485,2022,2022-07-01,0.28,2640500000,528100000,3350000000,3878100000,0.36447091271459536,0.0028000000000000004,5.295883352560122,5.92212156690251e-8
2022-08-01,3.35,0.4219267601786485,2022,2022-09-01,0.87,2640500000,528100000,3350000000,3878100000,0.36447091271459536,0.0087,5.312071201285982,5.419311831078381e-8
2022-08-08,3.6,0.43009570578962897,2022,2022-07-01,0.28,2640500000,528100000,3600000000,4128100000,0.3750743782472964,0.0028000000000000004,5.302272276357054,5.7185044688515773e-8
2022-08-08,3.6,0.43009570578962897,2022,2022-09-01,0.87,2640500000,528100000,3600000000,4128100000,0.3750743782472964,0.0087,5.318002489728521,5.245631699333138e-8
2022-08-08,3.6,0.43009570578962897,2022,2022-10-03,1.64,2640500000,528100000,3600000000,4128100000,0.3750743782472964,0.016399999999999998,5.3385317512472135,4.685114936994425e-8
2022-08-15,3.52,0.4269362341894771,2022,2022-07-01,0.28,2640500000,528100000,3520000000,4048100000,0.37123972835329155,0.0028000000000000004,5.308181307247779,5.536223754195692e-8
2022-08-15,3.52,0.4269362341894771,2022,2022-09-01,0.87,2640500000,528100000,3520000000,4048100000,0.37123972835329155,0.0087,5.324074002854929,5.073429733627655e-8
2022-08-15,3.52,0.4269362341894771,2022,2022-10-03,1.64,2640500000,528100000,3520000000,4048100000,0.37123972835329155,0.016399999999999998,5.344815317460871,4.525464425915435e-8
2022-08-22,3.42,0.4218047090094464,2022,2022-07-01,0.28,2640500000,528100000,3420000000,3948100000,0.3653838820729735,0.0028000000000000004,5.3306986835615104,4.891781537218393e-8
2022-08-22,3.42,0.4218047090094464,2022,2022-09-01,0.87,2640500000,528100000,3420000000,3948100000,0.3653838820729735,0.0087,5.346846084389721,4.4750030844668915e-8
2022-08-22,3.42,0.4218047090094464,2022,2022-10-03,1.64,2640500000,528100000,3420000000,3948100000,0.3653838820729735,0.016399999999999998,5.367919810894335,3.98249750254463e-8
2022-08-29,3.28,0.4214713876848724,2022,2022-07-01,0.28,2640500000,528100000,3280000000,3808100000,0.3630225444726718,0.0028000000000000004,5.2682879936235905,6.885097711638883e-8
2022-08-29,3.28,0.4214713876848724,2022,2022-09-01,0.87,2640500000,528100000,3280000000,3808100000,0.3630225444726718,0.0087,5.2845404277763235,6.301035897210674e-8
2022-08-29,3.28,0.4214713876848724,2022,2022-10-03,1.64,2640500000,528100000,3280000000,3808100000,0.3630225444726718,0.016399999999999998,5.30575123167057,5.610495139999124e-8
2022-09-05,3.55,0.4252705568049761,2022,2022-09-01,0.87,2640500000,528100000,3550000000,4078100000,0.3701994744262439,0.0087,5.360021082114967,4.1606120311478546e-8
2022-09-05,3.55,0.4252705568049761,2022,2022-10-03,1.64,2640500000,528100000,3550000000,4078100000,0.3701994744262439,0.016399999999999998,5.38082067944539,3.707351344601696e-8
2022-09-05,3.55,0.4252705568049761,2022,2022-11-01,1.62,2640500000,528100000,3550000000,4078100000,0.3701994744262439,0.016200000000000003,5.38028043016408,3.718494838273152e-8
2022-09-12,3.29,0.4293656207746016,2022,2022-09-01,0.87,2640500000,528100000,3290000000,3818100000,0.36997797133350074,0.0087,5.1853916583262345,1.077806858194252e-7
2022-09-12,3.29,0.4293656207746016,2022,2022-10-03,1.64,2640500000,528100000,3290000000,3818100000,0.36997797133350074,0.016399999999999998,5.206203708222738,9.637152630981072e-8
2022-09-12,3.29,0.4293656207746016,2022,2022-11-01,1.62,2640500000,528100000,3290000000,3818100000,0.36997797133350074,0.016200000000000003,5.2056631354981535,9.665251941286654e-8
2022-09-19,3.31,0.4287323258583361,2022,2022-09-01,0.87,2640500000,528100000,3310000000,3838100000,0.3697412778695429,0.0087,5.203078153883879,9.800719333747533e-8
2022-09-19,3.31,0.4287323258583361,2022,2022-10-03,1.64,2640500000,528100000,3310000000,3838100000,0.3697412778695429,0.016399999999999998,5.223903526815913,8.75950391759787e-8
2022-09-19,3.31,0.4287323258583361,2022,2022-11-01,1.62,2640500000,528100000,3310000000,3838100000,0.3697412778695429,0.016200000000000003,5.223362608038457,8.785142162397472e-8
2022-09-26,3.76,0.4497053263705463,2022,2022-09-01,0.87,2640500000,528100000,3760000000,4288100000,0.3943219671074028,0.0087,5.136078194289364,1.402654867085795e-7
2022-09-26,3.76,0.4497053263705463,2022,2022-10-03,1.64,2640500000,528100000,3760000000,4288100000,0.3943219671074028,0.016399999999999998,5.15560538435814,1.264064041102498e-7
2022-09-26,3.76,0.4497053263705463,2022,2022-11-01,1.62,2640500000,528100000,3760000000,4288100000,0.3943219671074028,0.016200000000000003,5.155098184616094,1.2674903412218144e-7
2022-10-03,3.74,0.44394969592085226,2022,2022-09-01,0.87,2640500000,528100000,3740000000,4268100000,0.38901896927063273,0.0087,5.199413558620118,9.995913630585838e-8
2022-10-03,3.74,0.44394969592085226,2022,2022-10-03,1.64,2640500000,528100000,3740000000,4268100000,0.38901896927063273,0.016399999999999998,5.219206937884981,8.984545076413465e-8
2022-10-03,3.74,0.44394969592085226,2022,2022-11-01,1.62,2640500000,528100000,3740000000,4268100000,0.38901896927063273,0.016200000000000003,5.218692824137841,9.009516018426546e-8
2022-10-03,3.74,0.44394969592085226,2022,2022-12-01,1.23,2640500000,528100000,3740000000,4268100000,0.38901896927063273,0.0123,5.208667606068626,9.510074723688471e-8
2022-10-10,3.35,0.44729724297100937,2022,2022-09-01,0.87,2640500000,528100000,3350000000,3878100000,0.38638657176268826,0.0087,4.989478961525414,3.0271183589713254e-7
2022-10-10,3.35,0.44729724297100937,2022,2022-10-03,1.64,2640500000,528100000,3350000000,3878100000,0.38638657176268826,0.016399999999999998,5.0094071903064314,2.7298973963879097e-7
2022-10-10,3.35,0.44729724297100937,2022,2022-11-01,1.62,2640500000,528100000,3350000000,3878100000,0.38638657176268826,0.016200000000000003,5.008889573974457,2.737248516123006e-7
2022-10-10,3.35,0.44729724297100937,2022,2022-12-01,1.23,2640500000,528100000,3350000000,3878100000,0.38638657176268826,0.0123,4.9987960555009545,2.8844689748705346e-7
2022-10-17,3.58,0.451833958372011,2022,2022-09-01,0.87,2640500000,528100000,3580000000,4108100000,0.3937502911252889,0.0087,5.03519782103136,2.386778026793142e-7
2022-10-17,3.58,0.451833958372011,2022,2022-10-03,1.64,2640500000,528100000,3580000000,4108100000,0.3937502911252889,0.016399999999999998,5.054753362128217,2.1547365775578213e-7
2022-10-17,3.58,0.451833958372011,2022,2022-11-01,1.62,2640500000,528100000,3580000000,4108100000,0.3937502911252889,0.016200000000000003,5.054245425995831,2.1604783948198568e-7
2022-10-17,3.58,0.451833958372011,2022,2022-12-01,1.23,2640500000,528100000,3580000000,4108100000,0.3937502911252889,0.0123,5.044340671414306,2.2754392868293145e-7
2022-10-24,3.66,0.4512023966115198,2022,2022-09-01,0.87,2640500000,528100000,3660000000,4188100000,0.3943078655233071,0.0087,5.076432955947013,1.9229320625609162e-7
2022-10-24,3.66,0.4512023966115198,2022,2022-10-03,1.64,2640500000,528100000,3660000000,4188100000,0.3943078655233071,0.016399999999999998,5.0959608443643045,1.7348842228980385e-7
2022-10-24,3.66,0.4512023966115198,2022,2022-11-01,1.62,2640500000,528100000,3660000000,4188100000,0.3943078655233071,0.016200000000000003,5.095453626483336,1.7395358945432938e-7
2022-10-24,3.66,0.4512023966115198,2022,2022-12-01,1.23,2640500000,528100000,3660000000,4188100000,0.3943078655233071,0.0123,5.085562877804448,1.8326868519863314e-7
2022-10-31,3.86,0.4536154567098624,2022,2022-09-01,0.87,2640500000,528100000,3860000000,4388100000,0.39902364643013355,0.0087,5.128658499193445,1.4590707531195045e-7
2022-10-31,3.86,0.4536154567098624,2022,2022-10-03,1.64,2640500000,528100000,3860000000,4388100000,0.39902364643013355,0.016399999999999998,5.1479556011794765,1.3167040036193698e-7
2022-10-31,3.86,0.4536154567098624,2022,2022-11-01,1.62,2640500000,528100000,3860000000,4388100000,0.39902364643013355,0.016200000000000003,5.147454377751267,1.3202259745013209e-7
2022-10-31,3.86,0.4536154567098624,2022,2022-12-01,1.23,2640500000,528100000,3860000000,4388100000,0.39902364643013355,0.0123,5.1376805209012,1.390751137378307e-7
2022-11-07,4.31,0.4533809670476008,2022,2022-10-03,1.64,2640500000,528100000,4310000000,4838100000,0.4038924304944419,0.016399999999999998,5.32277158699047,5.109901918559019e-8
2022-11-07,4.31,0.4533809670476008,2022,2022-11-01,1.62,2640500000,528100000,4310000000,4838100000,0.4038924304944419,0.016200000000000003,5.322276405637962,5.123835201434648e-8
2022-11-07,4.31,0.4533809670476008,2022,2022-12-01,1.23,2640500000,528100000,4310000000,4838100000,0.4038924304944419,0.0123,5.312620369264054,5.403000129012929e-8
2022-11-07,4.31,0.4533809670476008,2022,2023-01-03,1.65,2640500000,528100000,4310000000,4838100000,0.4038924304944419,0.0165,5.323019177666723,5.102949036491566e-8
2022-11-14,4.1,0.4542013735344958,2022,2022-10-03,1.64,2640500000,528100000,4099999999.9999995,4628100000,0.4023736806662416,0.016399999999999998,5.234099166325919,8.289571499485565e-8
2022-11-14,4.1,0.4542013735344958,2022,2022-11-01,1.62,2640500000,528100000,4099999999.9999995,4628100000,0.4023736806662416,0.016200000000000003,5.233602115923246,8.311904878395023e-8
2022-11-14,4.1,0.4542013735344958,2022,2022-12-01,1.23,2640500000,528100000,4099999999.9999995,4628100000,0.4023736806662416,0.0123,5.223909633071131,8.759214909148495e-8
2022-11-14,4.1,0.4542013735344958,2022,2023-01-03,1.65,2640500000,528100000,4099999999.9999995,4628100000,0.4023736806662416,0.0165,5.2343476915272555,8.278426579337826e-8
2022-11-21,4.12,0.44788764992705776,2022,2022-10-03,1.64,2640500000,528100000,4120000000,4648100000,0.39700030500623434,0.016399999999999998,5.321213876892804,5.153856572514023e-8
2022-11-21,4.12,0.44788764992705776,2022,2022-11-01,1.62,2640500000,528100000,4120000000,4648100000,0.39700030500623434,0.016200000000000003,5.320710098942314,5.168150068086568e-8
2022-11-21,4.12,0.44788764992705776,2022,2022-12-01,1.23,2640500000,528100000,4120000000,4648100000,0.39700030500623434,0.0123,5.310886428907756,5.454665100347281e-8
2022-11-21,4.12,0.44788764992705776,2022,2023-01-03,1.65,2640500000,528100000,4120000000,4648100000,0.39700030500623434,0.0165,5.32146576586805,5.1467241804380564e-8
2022-11-28,4.34,0.44981727496103446,2022,2022-10-03,1.64,2640500000,528100000,4340000000,4868100000,0.4010203104560074,0.016399999999999998,5.379190618421911,3.7410727349722956e-8
2022-11-28,4.34,0.44981727496103446,2022,2022-11-01,1.62,2640500000,528100000,4340000000,4868100000,0.4010203104560074,0.016200000000000003,5.378691890565029,3.751449231315835e-8
2022-11-28,4.34,0.44981727496103446,2022,2022-12-01,1.23,2640500000,528100000,4340000000,4868100000,0.4010203104560074,0.0123,5.368966697355823,3.9594519574576965e-8
2022-11-28,4.34,0.44981727496103446,2022,2023-01-03,1.65,2640500000,528100000,4340000000,4868100000,0.4010203104560074,0.0165,5.379439982350352,3.735894916397112e-8
2022-12-05,4.21,0.442042421710239,2022,2022-11-01,1.62,2640500000,528100000,4210000000,4738100000,0.3927731781516022,0.016200000000000003,5.431049177125786,2.8011845920572698e-8
2022-12-05,4.21,0.442042421710239,2022,2022-12-01,1.23,2640500000,528100000,4210000000,4738100000,0.3927731781516022,0.0123,5.421119782205407,2.9613428120046975e-8
2022-12-05,4.21,0.442042421710239,2022,2023-01-03,1.65,2640500000,528100000,4210000000,4738100000,0.3927731781516022,0.0165,5.4318129767350465,2.789218567873008e-8
2022-12-05,4.21,0.442042421710239,2022,2023-02-01,1.19,2640500000,528100000,4210000000,4738100000,0.3927731781516022,0.011899999999999999,5.4201013827263935,2.978262300968038e-8
2022-12-12,4.09,0.440284136309224,2022,2022-11-01,1.62,2640500000,528100000,4090000000,4618100000,0.3899357132813767,0.016200000000000003,5.407629981804805,3.193209616400289e-8
2022-12-12,4.09,0.440284136309224,2022,2022-12-01,1.23,2640500000,528100000,4090000000,4618100000,0.3899357132813767,0.0123,5.3976283331556445,3.376378526929469e-8
2022-12-12,4.09,0.440284136309224,2022,2023-01-03,1.65,2640500000,528100000,4090000000,4618100000,0.3899357132813767,0.0165,5.408399339393202,3.179525548766804e-8
2022-12-12,4.09,0.440284136309224,2022,2023-02-01,1.19,2640500000,528100000,4090000000,4618100000,0.3899357132813767,0.011899999999999999,5.396602523037781,3.395730582236976e-8
2022-12-19,4.17,0.440912088577565,2022,2022-11-01,1.62,2640500000,528100000,4170000000,4698100000,0.3913504202482803,0.016200000000000003,5.430555597385972,2.808943676649203e-8
2022-12-19,4.17,0.440912088577565,2022,2022-12-01,1.23,2640500000,528100000,4170000000,4698100000,0.3913504202482803,0.0123,5.4205901040628115,2.970131123947116e-8
2022-12-19,4.17,0.440912088577565,2022,2023-01-03,1.65,2640500000,528100000,4170000000,4698100000,0.3913504202482803,0.0165,5.431322173795445,2.796902003218283e-8
2022-12-19,4.17,0.440912088577565,2022,2023-02-01,1.19,2640500000,528100000,4170000000,4698100000,0.3913504202482803,0.011899999999999999,5.419568002183514,2.987161118042205e-8
2022-12-26,4.09,0.43840444505545567,2022,2022-11-01,1.62,2640500000,528100000,4090000000,4618100000,0.3882709729708784,0.016200000000000003,5.432483901636573,2.778748438888264e-8
2022-12-26,4.09,0.43840444505545567,2022,2022-12-01,1.23,2640500000,528100000,4090000000,4618100000,0.3882709729708784,0.0123,5.422439370184328,2.9395579149235822e-8
2022-12-26,4.09,0.43840444505545567,2022,2023-01-03,1.65,2640500000,528100000,4090000000,4618100000,0.3882709729708784,0.0165,5.433256557902131,2.7667379247042014e-8
2022-12-26,4.09,0.43840444505545567,2022,2023-02-01,1.19,2640500000,528100000,4090000000,4618100000,0.3882709729708784,0.011899999999999999,5.421409161830252,2.956552132789545e-8
2023-01-02,4.57,0.4498780176612163,2023,2022-12-01,1.23,2232600000,446520000,4570000000,5016520000,0.4098344152344172,0.0123,5.727497110648243,5.0961586530668175e-9
2023-01-02,4.57,0.4498780176612163,2023,2023-01-03,1.65,2232600000,446520000,4570000000,5016520000,0.4098344152344172,0.0165,5.737745151915343,4.797267101685225e-9
2023-01-02,4.57,0.4498780176612163,2023,2023-02-01,1.19,2232600000,446520000,4570000000,5016520000,0.4098344152344172,0.011899999999999999,5.726521106718043,5.125550673823008e-9
2023-01-02,4.57,0.4498780176612163,2023,2023-03-01,1.68,2232600000,446520000,4570000000,5016520000,0.4098344152344172,0.0168,5.738477154862992,4.7765823359600984e-9
2023-01-09,4.74,0.4507428148523822,2023,2022-12-01,1.23,2232600000,446520000,4740000000,5186520000,0.4119372801802156,0.0123,5.7770636259012695,3.800777314420454e-9
2023-01-09,4.74,0.4507428148523822,2023,2023-01-03,1.65,2232600000,446520000,4740000000,5186520000,0.4119372801802156,0.0165,5.78725935278028,3.577203699134609e-9
2023-01-09,4.74,0.4507428148523822,2023,2023-02-01,1.19,2232600000,446520000,4740000000,5186520000,0.4119372801802156,0.011899999999999999,5.776092604293745,3.822765266210026e-9
2023-01-09,4.74,0.4507428148523822,2023,2023-03-01,1.68,2232600000,446520000,4740000000,5186520000,0.4119372801802156,0.0168,5.787987618985925,3.5617330196836477e-9
2023-01-16,4.72,0.450522289788151,2023,2022-12-01,1.23,2232600000,446520000,4720000000,5166520000,0.41158559490722435,0.0123,5.772964634879958,3.8944397023781976e-9
2023-01-16,4.72,0.450522289788151,2023,2023-01-03,1.65,2232600000,446520000,4720000000,5166520000,0.41158559490722435,0.0165,5.783169073645476,3.6653159347882427e-9
2023-01-16,4.72,0.450522289788151,2023,2023-02-01,1.19,2232600000,446520000,4720000000,5166520000,0.41158559490722435,0.011899999999999999,5.771992783568956,3.916973603528755e-9
2023-01-16,4.72,0.450522289788151,2023,2023-03-01,1.68,2232600000,446520000,4720000000,5166520000,0.41158559490722435,0.0168,5.7838979621287265,3.6494612739720746e-9
2023-01-23,4.79,0.4451554102878176,2023,2022-12-01,1.23,2232600000,446520000,4790000000,5236520000,0.40719684356760716,0.0123,5.872647702146575,2.1444464269194446e-9
2023-01-23,4.79,0.4451554102878176,2023,2023-01-03,1.65,2232600000,446520000,4790000000,5236520000,0.40719684356760716,0.0165,5.882962123946122,2.0149408680894494e-9
2023-01-23,4.79,0.4451554102878176,2023,2023-02-01,1.19,2232600000,446520000,4790000000,5236520000,0.40719684356760716,0.011899999999999999,5.871665376260904,2.157194565572527e-9
2023-01-23,4.79,0.4451554102878176,2023,2023-03-01,1.68,2232600000,446520000,4790000000,5236520000,0.40719684356760716,0.0168,5.883698868360375,2.005987543180753e-9
2023-01-30,4.38,0.45257448084589247,2023,2022-12-01,1.23,2232600000,446520000,4380000000,4826520000,0.4107050682696869,0.0123,5.62047476330649,9.521670454238944e-9
2023-01-30,4.38,0.45257448084589247,2023,2023-01-03,1.65,2232600000,446520000,4380000000,4826520000,0.4107050682696869,0.0165,5.630701079766851,8.973927807976167e-9
2023-01-30,4.38,0.45257448084589247,2023,2023-02-01,1.19,2232600000,446520000,4380000000,4826520000,0.4107050682696869,0.011899999999999999,5.619500828405504,9.575498050934807e-9
2023-01-30,4.38,0.45257448084589247,2023,2023-03-01,1.68,2232600000,446520000,4380000000,4826520000,0.4107050682696869,0.0168,5.63143153094259,8.935996333369307e-9
2023-02-06,4.19,0.4501476353197605,2023,2023-01-03,1.65,2232600000,446520000,4190000000.0000005,4636520000,0.4067961729896122,0.0165,5.590007378367437,1.1352998201937785e-8
2023-02-06,4.19,0.4501476353197605,2023,2023-02-01,1.19,2232600000,446520000,4190000000.0000005,4636520000,0.4067961729896122,0.011899999999999999,5.578699504042578,1.21161719833233e-8
2023-02-06,4.19,0.4501476353197605,2023,2023-03-01,1.68,2232600000,446520000,4190000000.0000005,4636520000,0.4067961729896122,0.0168,5.590744848432101,1.130488071509952e-8
2023-02-06,4.19,0.4501476353197605,2023,2023-04-03,1.13,2232600000,446520000,4190000000.0000005,4636520000,0.4067961729896122,0.0113,5.577224563913248,1.2219315069025737e-8
2023-02-13,3.86,0.4557360116212564,2023,2023-01-03,1.65,2232600000,446520000,3860000000,4306520000,0.4084831847659014,0.0165,5.3844859865082135,3.632598181140936e-8
2023-02-13,3.86,0.4557360116212564,2023,2023-02-01,1.19,2232600000,446520000,3860000000,4306520000,0.4084831847659014,0.011899999999999999,5.373224813046113,3.8670401108729854e-8
2023-02-13,3.86,0.4557360116212564,2023,2023-03-01,1.68,2232600000,446520000,3860000000,4306520000,0.4084831847659014,0.0168,5.385220410864436,3.617796325133548e-8
2023-02-13,3.86,0.4557360116212564,2023,2023-04-03,1.13,2232600000,446520000,3860000000,4306520000,0.4084831847659014,0.0113,5.371755964333664,3.898679319551841e-8
2023-02-20,3.62,0.45718614223566384,2023,2023-01-03,1.65,2232600000,446520000,3620000000,4066520000,0.40698529329576716,0.0165,5.264908104789551,7.012974888926993e-8
2023-02-20,3.62,0.45718614223566384,2023,2023-02-01,1.19,2232600000,446520000,3620000000,4066520000,0.40698529329576716,0.011899999999999999,5.253605485073862,7.457509371171606e-8
2023-02-20,3.62,0.45718614223566384,2023,2023-03-01,1.68,2232600000,446520000,3620000000,4066520000,0.40698529329576716,0.0168,5.2656452321623135,6.984891478036716e-8
2023-02-20,3.62,0.45718614223566384,2023,2023-04-03,1.13,2232600000,446520000,3620000000,4066520000,0.40698529329576716,0.0113,5.252131230328338,7.517463768704498e-8
2023-02-27,3.75,0.45924160140940984,2023,2023-01-03,1.65,2232600000,446520000,3750000000,4196520000,0.4103771709143021,0.0165,5.2946950757435065,5.96075832382592e-8
2023-02-27,3.75,0.45924160140940984,2023,2023-02-01,1.19,2232600000,446520000,3750000000,4196520000,0.4103771709143021,0.011899999999999999,5.283485875217679,6.337432030020427e-8
2023-02-27,3.75,0.45924160140940984,2023,2023-03-01,1.68,2232600000,446520000,3750000000,4196520000,0.4103771709143021,0.0168,5.295426110560409,5.9369599969470543e-8
2023-02-27,3.75,0.45924160140940984,2023,2023-04-03,1.13,2232600000,446520000,3750000000,4196520000,0.4103771709143021,0.0113,5.282023805583877,6.388229586102438e-8
2023-03-06,3.5,0.4619565704248349,2023,2023-02-01,1.19,2232600000,446520000,3500000000,3946520000,0.40968954838361954,0.011899999999999999,5.1431199796443785,1.351064654261004e-7
2023-03-06,3.5,0.4619565704248349,2023,2023-03-01,1.68,2232600000,446520000,3500000000,3946520000,0.40968954838361954,0.0168,5.155080255466236,1.2676116225116233e-7
2023-03-06,3.5,0.4619565704248349,2023,2023-04-03,1.13,2232600000,446520000,3500000000,3946520000,0.40968954838361954,0.0113,5.141655456074355,1.3616409331489344e-7
2023-03-06,3.5,0.4619565704248349,2023,2023-05-01,1.4,2232600000,446520000,3500000000,3946520000,0.40968954838361954,0.013999999999999999,5.14824581213946,1.3146689145390462e-7
2023-03-13,4.13,0.4938724054109465,2023,2023-02-01,1.19,2232600000,446520000,4130000000,4576520000,0.44568646795976186,0.011899999999999999,5.025487462548692,2.510776872392777e-7
2023-03-13,4.13,0.4938724054109465,2023,2023-03-01,1.68,2232600000,446520000,4130000000,4576520000,0.44568646795976186,0.0168,5.036481738462948,2.370831619674407e-7
2023-03-13,4.13,0.4938724054109465,2023,2023-04-03,1.13,2232600000,446520000,4130000000,4576520000,0.44568646795976186,0.0113,5.02414122468164,2.5284508486909455e-7
2023-03-13,4.13,0.4938724054109465,2023,2023-05-01,1.4,2232600000,446520000,4130000000,4576520000,0.44568646795976186,0.013999999999999999,5.0301992950833725,2.4498513629142524e-7
2023-03-20,4.36,0.4964862734371424,2023,2023-02-01,1.19,2232600000,446520000,4360000000,4806520000,0.45036328823887983,0.011899999999999999,5.077525034573937,1.9119156813372562e-7
2023-03-20,4.36,0.4964862734371424,2023,2023-03-01,1.68,2232600000,446520000,4360000000,4806520000,0.45036328823887983,0.0168,5.088405139875506,1.8054366051997745e-7
2023-03-20,4.36,0.4964862734371424,2023,2023-04-03,1.13,2232600000,446520000,4360000000,4806520000,0.45036328823887983,0.0113,5.076192776781909,1.925363082520633e-7
2023-03-20,4.36,0.4964862734371424,2023,2023-05-01,1.4,2232600000,446520000,4360000000,4806520000,0.45036328823887983,0.013999999999999999,5.082187936846038,1.8655598687176818e-7
2023-03-27,4.71,0.5003754707849172,2023,2023-02-01,1.19,2232600000,446520000,4710000000,5156520000,0.45704631561536846,0.011899999999999999,5.150435026970273,1.2994147616029865e-7
2023-03-27,4.71,0.5003754707849172,2023,2023-03-01,1.68,2232600000,446520000,4710000000,5156520000,0.45704631561536846,0.0168,5.161156041083258,1.2271474728797932e-7
2023-03-27,4.71,0.5003754707849172,2023,2023-04-03,1.13,2232600000,446520000,4710000000,5156520000,0.45704631561536846,0.0113,5.149122249731948,1.308541367390218e-7
2023-03-27,4.71,0.5003754707849172,2023,2023-05-01,1.4,2232600000,446520000,4710000000,5156520000,0.45704631561536846,0.013999999999999999,5.155029747304409,1.2679533439954016e-7
2023-04-03,5.04,0.504373963343688,2023,2023-03-01,1.68,2232600000,446520000,5040000000,5486520000,0.4633255278851053,0.0168,5.218857679246006,9.001501566895412e-8
2023-04-03,5.04,0.504373963343688,2023,2023-04-03,1.13,2232600000,446520000,5040000000,5486520000,0.4633255278851053,0.0113,5.206986975671555,9.59657794886782e-8
2023-04-03,5.04,0.504373963343688,2023,2023-05-01,1.4,2232600000,446520000,5040000000,5486520000,0.4633255278851053,0.013999999999999999,5.212814411971739,9.29984761991859e-8
2023-04-03,5.04,0.504373963343688,2023,2023-06-01,1.63,2232600000,446520000,5040000000,5486520000,0.4633255278851053,0.0163,5.217778524375601,9.054090188925393e-8
2023-04-10,5.34,0.5080778351480277,2023,2023-03-01,1.68,2232600000,446520000,5340000000,5786520000,0.4688717294143057,0.0168,5.265153894473792,7.003598567504716e-8
2023-04-10,5.34,0.5080778351480277,2023,2023-04-03,1.13,2232600000,446520000,5340000000,5786520000,0.4688717294143057,0.0113,5.25342360737188,7.464880817400468e-8
2023-04-10,5.34,0.5080778351480277,2023,2023-05-01,1.4,2232600000,446520000,5340000000,5786520000,0.4688717294143057,0.013999999999999999,5.2591821119491815,7.234876760926374e-8
2023-04-10,5.34,0.5080778351480277,2023,2023-06-01,1.63,2232600000,446520000,5340000000,5786520000,0.4688717294143057,0.0163,5.264087504737254,7.044366947740003e-8
2023-04-17,4.96,0.5011117717511788,2023,2023-03-01,1.68,2232600000,446520000,4960000000,5406520000,0.45972536638833245,0.0168,5.231390715127861,8.411974321431275e-8
2023-04-17,4.96,0.5011117717511788,2023,2023-04-03,1.13,2232600000,446520000,4960000000,5406520000,0.45972536638833245,0.0113,5.219427050727073,8.973874475575744e-8
2023-04-17,4.96,0.5011117717511788,2023,2023-05-01,1.4,2232600000,446520000,4960000000,5406520000,0.45972536638833245,0.013999999999999999,5.225300122342006,8.693642701401972e-8
2023-04-17,4.96,0.5011117717511788,2023,2023-06-01,1.63,2232600000,446520000,4960000000,5406520000,0.45972536638833245,0.0163,5.230303109273245,8.461616587900673e-8
2023-04-24,5.05,0.4954811825216685,2023,2023-03-01,1.68,2232600000,446520000,5050000000,5496520000,0.4552298493836875,0.0168,5.323836182845053,5.08007066491254e-8
2023-04-24,5.05,0.4954811825216685,2023,2023-04-03,1.13,2232600000,446520000,5050000000,5496520000,0.4552298493836875,0.0113,5.311754374045727,5.428744083787448e-8
2023-04-24,5.05,0.4954811825216685,2023,2023-05-01,1.4,2232600000,446520000,5050000000,5496520000,0.4552298493836875,0.013999999999999999,5.317685443819942,5.254777560120298e-8
2023-04-24,5.05,0.4954811825216685,2023,2023-06-01,1.63,2232600000,446520000,5050000000,5496520000,0.4552298493836875,0.0163,5.322737836590569,5.110850412704786e-8
2023-05-01,5.32,0.4970958473867133,2023,2023-04-03,1.13,2232600000,446520000,5320000000,5766520000,0.4586041335324103,0.0113,5.37387435039572,3.853128410941124e-8
2023-05-01,5.32,0.4970958473867133,2023,2023-05-01,1.4,2232600000,446520000,5320000000,5766520000,0.4586041335324103,0.013999999999999999,5.379761780975997,3.729223313182616e-8
2023-05-01,5.32,0.4970958473867133,2023,2023-06-01,1.63,2232600000,446520000,5320000000,5766520000,0.4586041335324103,0.0163,5.384776999618455,3.6267259938227634e-8
2023-05-08,5.3,0.4662421203140656,2023,2023-04-03,1.13,2232600000,446520000,5300000000,5746520000,0.4300138584159713,0.0113,5.752627580266875,4.393345547672831e-9
2023-05-08,5.3,0.4662421203140656,2023,2023-05-01,1.4,2232600000,446520000,5300000000,5746520000,0.4300138584159713,0.013999999999999999,5.758906447673488,4.233030210061481e-9
2023-05-08,5.3,0.4662421203140656,2023,2023-06-01,1.63,2232600000,446520000,5300000000,5746520000,0.4300138584159713,0.0163,5.764255112501344,4.100963641436907e-9
2023-05-08,5.3,0.4662421203140656,2023,2023-07-03,1.98,2232600000,446520000,5300000000,5746520000,0.4300138584159713,0.019799999999999998,5.772394385065471,3.907646512780946e-9
2023-05-15,5.15,0.4612182741857971,2023,2023-04-03,1.13,2232600000,446520000,5150000000,5596520000,0.424419838052371,0.0113,5.771761222598746,3.922361382507468e-9
2023-05-15,5.15,0.4612182741857971,2023,2023-05-01,1.4,2232600000,446520000,5150000000,5596520000,0.424419838052371,0.013999999999999999,5.778122847946869,3.776932381675902e-9
2023-05-15,5.15,0.4612182741857971,2023,2023-06-01,1.63,2232600000,446520000,5150000000,5596520000,0.424419838052371,0.0163,5.7835420102804544,3.657195529411158e-9
2023-05-15,5.15,0.4612182741857971,2023,2023-07-03,1.98,2232600000,446520000,5150000000,5596520000,0.424419838052371,0.019799999999999998,5.791788561657651,3.482039048465649e-9
2023-05-22,4.74,0.4689767072618023,2023,2023-04-03,1.13,2232600000,446520000,4740000000,5186520000,0.42860137287062283,0.0113,5.53377711924785,1.567035911505132e-8
2023-05-22,4.74,0.4689767072618023,2023,2023-05-01,1.4,2232600000,446520000,4740000000,5186520000,0.42860137287062283,0.013999999999999999,5.540076679097406,1.511696171737485e-8
2023-05-22,4.74,0.4689767072618023,2023,2023-06-01,1.63,2232600000,446520000,4740000000,5186520000,0.42860137287062283,0.0163,5.545442970821101,1.4660544727293018e-8
2023-05-22,4.74,0.4689767072618023,2023,2023-07-03,1.98,2232600000,446520000,4740000000,5186520000,0.42860137287062283,0.019799999999999998,5.553609066922376,1.3991546413697636e-8
2023-05-29,4.85,0.4694983090134669,2023,2023-04-03,1.13,2232600000,446520000,4850000000,5296520000,0.4299175305134908,0.0113,5.5643382198971665,1.3157456378337175e-8
2023-05-29,4.85,0.4694983090134669,2023,2023-05-01,1.4,2232600000,446520000,4850000000,5296520000,0.4299175305134908,0.013999999999999999,5.5706184941552905,1.2691830431106082e-8
2023-05-29,4.85,0.4694983090134669,2023,2023-06-01,1.63,2232600000,446520000,4850000000,5296520000,0.4299175305134908,0.0163,5.5759683574122105,1.2307833581127343e-8
2023-05-29,4.85,0.4694983090134669,2023,2023-07-03,1.98,2232600000,446520000,4850000000,5296520000,0.4299175305134908,0.019799999999999998,5.584109453672741,1.1745036983510013e-8
2023-06-05,4.85,0.4694650825660944,2023,2023-05-01,1.4,2232600000,446520000,4850000000,5296520000,0.4298871052022003,0.013999999999999999,5.571043181733497,1.2660927596130866e-8
2023-06-05,4.85,0.4694650825660944,2023,2023-06-01,1.63,2232600000,446520000,4850000000,5296520000,0.4298871052022003,0.0163,5.5763934236276285,1.2277811878315103e-8
2023-06-05,4.85,0.4694650825660944,2023,2023-07-03,1.98,2232600000,446520000,4850000000,5296520000,0.4298871052022003,0.019799999999999998,5.584535096075221,1.1716309790071186e-8
2023-06-05,4.85,0.4694650825660944,2023,2023-08-01,1.98,2232600000,446520000,4850000000,5296520000,0.4298871052022003,0.019799999999999998,5.584535096075221,1.1716309790071186e-8
2023-06-12,4.88,0.4580292094640165,2023,2023-05-01,1.4,2232600000,446520000,4880000000,5326520000,0.4196328075712474,0.013999999999999999,5.7310184373635735,4.9914706788545696e-9
2023-06-12,4.88,0.4580292094640165,2023,2023-06-01,1.63,2232600000,446520000,4880000000,5326520000,0.4196328075712474,0.0163,5.736499419685504,4.832669048014574e-9
2023-06-12,4.88,0.4580292094640165,2023,2023-07-03,1.98,2232600000,446520000,4880000000,5326520000,0.4196328075712474,0.019799999999999998,5.744840044958006,4.6003959966161815e-9
2023-06-12,4.88,0.4580292094640165,2023,2023-08-01,1.98,2232600000,446520000,4880000000,5326520000,0.4196328075712474,0.019799999999999998,5.744840044958006,4.6003959966161815e-9
2023-06-19,4.61,0.4611636463900129,2023,2023-05-01,1.4,2232600000,446520000,4610000000,5056520000,0.4204402256607231,0.013999999999999999,5.59547933625771,1.1000652629628071e-8
2023-06-19,4.61,0.4611636463900129,2023,2023-06-01,1.63,2232600000,446520000,4610000000,5056520000,0.4204402256607231,0.0163,5.6009497928401775,1.0659024070440748e-8
2023-06-19,4.61,0.4611636463900129,2023,2023-07-03,1.98,2232600000,446520000,4610000000,5056520000,0.4204402256607231,0.019799999999999998,5.609274400683064,1.0158832957732096e-8
2023-06-19,4.61,0.4611636463900129,2023,2023-08-01,1.98,2232600000,446520000,4610000000,5056520000,0.4204402256607231,0.019799999999999998,5.609274400683064,1.0158832957732096e-8
2023-06-26,4.77,0.4547433034333506,2023,2023-05-01,1.4,2232600000,446520000,4770000000,5216520000,0.4158185068545855,0.013999999999999999,5.737236426697425,4.811693793861941e-9
2023-06-26,4.77,0.4547433034333506,2023,2023-06-01,1.63,2232600000,446520000,4770000000,5216520000,0.4158185068545855,0.0163,5.7427676860379435,4.6570736004795665e-9
2023-06-26,4.77,0.4547433034333506,2023,2023-07-03,1.98,2232600000,446520000,4770000000,5216520000,0.4158185068545855,0.019799999999999998,5.751184819816993,4.43100846093021e-9
2023-06-26,4.77,0.4547433034333506,2023,2023-08-01,1.98,2232600000,446520000,4770000000,5216520000,0.4158185068545855,0.019799999999999998,5.751184819816993,4.43100846093021e-9
2023-07-03,4.59,0.4444684281053954,2023,2023-06-01,1.63,2232600000,446520000,4590000000,5036520000,0.4050634336811459,0.0163,5.819454597925302,2.9519978942806523e-9
2023-07-03,4.59,0.4444684281053954,2023,2023-07-03,1.98,2232600000,446520000,4590000000,5036520000,0.4050634336811459,0.019799999999999998,5.828095219884664,2.8031794347794483e-9
2023-07-03,4.59,0.4444684281053954,2023,2023-08-01,1.98,2232600000,446520000,4590000000,5036520000,0.4050634336811459,0.019799999999999998,5.828095219884664,2.8031794347794483e-9
2023-07-03,4.59,0.4444684281053954,2023,2023-09-01,2.12,2232600000,446520000,4590000000,5036520000,0.4050634336811459,0.0212,5.831551468668409,2.745718378051272e-9
2023-07-10,5.06,0.4447048544128998,2023,2023-06-01,1.63,2232600000,446520000,5060000000,5506520000,0.4086440371285809,0.0163,5.983224358693772,1.0938155101305168e-9
2023-07-10,5.06,0.4447048544128998,2023,2023-07-03,1.98,2232600000,446520000,5060000000,5506520000,0.4086440371285809,0.019799999999999998,5.991789270161938,1.0377237629763673e-9
2023-07-10,5.06,0.4447048544128998,2023,2023-08-01,1.98,2232600000,446520000,5060000000,5506520000,0.4086440371285809,0.019799999999999998,5.991789270161938,1.0377237629763673e-9
2023-07-10,5.06,0.4447048544128998,2023,2023-09-01,2.12,2232600000,446520000,5060000000,5506520000,0.4086440371285809,0.0212,5.995215234749204,1.016080530440249e-9
2023-07-17,5.03,0.4429772513197544,2023,2023-06-01,1.63,2232600000,446520000,5030000000,5476520000,0.4068597529340466,0.0163,5.997824809904211,9.998904543728902e-10
2023-07-17,5.03,0.4429772513197544,2023,2023-07-03,1.98,2232600000,446520000,5030000000,5476520000,0.4068597529340466,0.019799999999999998,6.006427282807368,9.482798857035452e-10
2023-07-17,5.03,0.4429772513197544,2023,2023-08-01,1.98,2232600000,446520000,5030000000,5476520000,0.4068597529340466,0.019799999999999998,6.006427282807368,9.482798857035452e-10
2023-07-17,5.03,0.4429772513197544,2023,2023-09-01,2.12,2232600000,446520000,5030000000,5476520000,0.4068597529340466,0.0212,6.00986827196863,9.283706498229805e-10
2023-07-24,4.86,0.4431231022509259,2023,2023-06-01,1.63,2232600000,446520000,4860000000,5306520000,0.40583626876738427,0.0163,5.936275258996606,1.4578506325509561e-9
2023-07-24,4.86,0.4431231022509259,2023,2023-07-03,1.98,2232600000,446520000,4860000000,5306520000,0.40583626876738427,0.019799999999999998,5.944899426596584,1.3831332302617297e-9
2023-07-24,4.86,0.4431231022509259,2023,2023-08-01,1.98,2232600000,446520000,4860000000,5306520000,0.40583626876738427,0.019799999999999998,5.944899426596584,1.3831332302617297e-9
2023-07-24,4.86,0.4431231022509259,2023,2023-09-01,2.12,2232600000,446520000,4860000000,5306520000,0.40583626876738427,0.0212,5.948349093636577,1.3543022067485142e-9
2023-07-31,4.95,0.4425526877152344,2023,2023-06-01,1.63,2232600000,446520000,4950000000,5396520000,0.40593489956312784,0.0163,5.976164699036638,1.1422602126297154e-9
2023-07-31,4.95,0.4425526877152344,2023,2023-07-03,1.98,2232600000,446520000,4950000000,5396520000,0.40593489956312784,0.019799999999999998,5.984786771205764,1.0833676137767289e-9
2023-07-31,4.95,0.4425526877152344,2023,2023-08-01,1.98,2232600000,446520000,4950000000,5396520000,0.40593489956312784,0.019799999999999998,5.984786771205764,1.0833676137767289e-9
2023-07-31,4.95,0.4425526877152344,2023,2023-09-01,2.12,2232600000,446520000,4950000000,5396520000,0.40593489956312784,0.0212,5.988235600073414,1.060648168079213e-9
2023-08-07,5.08,0.4380865460822579,2023,2023-07-03,1.98,2232600000,446520000,5080000000,5526520000,0.402690961780265,0.019799999999999998,6.0953675079365865,5.459315679712128e-10
2023-08-07,5.08,0.4380865460822579,2023,2023-08-01,1.98,2232600000,446520000,5080000000,5526520000,0.402690961780265,0.019799999999999998,6.0953675079365865,5.459315679712128e-10
2023-08-07,5.08,0.4380865460822579,2023,2023-09-01,2.12,2232600000,446520000,5080000000,5526520000,0.402690961780265,0.0212,6.098844119365388,5.341909557364586e-10
2023-08-07,5.08,0.4380865460822579,2023,2023-10-02,2.49,2232600000,446520000,5080000000,5526520000,0.402690961780265,0.024900000000000002,6.108032306712932,5.043346971633893e-10
2023-08-14,4.62,0.44884979786337414,2023,2023-07-03,1.98,2232600000,446520000,4620000000,5066520000,0.4092919925567823,0.019799999999999998,5.778186120557131,3.775512618689847e-9
2023-08-14,4.62,0.44884979786337414,2023,2023-08-01,1.98,2232600000,446520000,4620000000,5066520000,0.4092919925567823,0.019799999999999998,5.778186120557131,3.775512618689847e-9
2023-08-14,4.62,0.44884979786337414,2023,2023-09-01,2.12,2232600000,446520000,4620000000,5066520000,0.4092919925567823,0.0212,5.781606661455706,3.6995272615134938e-9
2023-08-14,4.62,0.44884979786337414,2023,2023-10-02,2.49,2232600000,446520000,4620000000,5066520000,0.4092919925567823,0.024900000000000002,5.790646662401943,3.5057970943346784e-9
2023-08-21,4.81,0.44882574705215195,2023,2023-07-03,1.98,2232600000,446520000,4810000000,5256520000,0.41069982485006257,0.019799999999999998,5.846613461512662,2.508407111954086e-9
2023-08-21,4.81,0.44882574705215195,2023,2023-08-01,1.98,2232600000,446520000,4810000000,5256520000,0.41069982485006257,0.019799999999999998,5.846613461512662,2.508407111954086e-9
2023-08-21,4.81,0.44882574705215195,2023,2023-09-01,2.12,2232600000,446520000,4810000000,5256520000,0.41069982485006257,0.0212,5.850022277186034,2.457535891506521e-9
2023-08-21,4.81,0.44882574705215195,2023,2023-10-02,2.49,2232600000,446520000,4810000000,5256520000,0.41069982485006257,0.024900000000000002,5.859031290037088,2.327874884702583e-9
2023-08-28,5.03,0.4476591210409184,2023,2023-07-03,1.98,2232600000,446520000,5030000000,5476520000,0.4111598932964399,0.019799999999999998,5.939331049708378,1.4309371904758056e-9
2023-08-28,5.03,0.4476591210409184,2023,2023-08-01,1.98,2232600000,446520000,5030000000,5476520000,0.4111598932964399,0.019799999999999998,5.939331049708378,1.4309371904758056e-9
2023-08-28,5.03,0.4476591210409184,2023,2023-09-01,2.12,2232600000,446520000,5030000000,5476520000,0.4111598932964399,0.0212,5.942736051078466,1.4015179355323643e-9
2023-08-28,5.03,0.4476591210409184,2023,2023-10-02,2.49,2232600000,446520000,5030000000,5476520000,0.4111598932964399,0.024900000000000002,5.951734983270844,1.3265737197573428e-9
2023-09-04,4.77,0.4458299229571547,2023,2023-08-01,1.98,2232600000,446520000,4770000000,5216520000,0.4076680876342136,0.019799999999999998,5.874398898384109,2.1219018910809015e-9
2023-09-04,4.77,0.4458299229571547,2023,2023-09-01,2.12,2232600000,446520000,4770000000,5216520000,0.4076680876342136,0.0212,5.877833064664144,2.0783589131666374e-9
2023-09-04,4.77,0.4458299229571547,2023,2023-10-02,2.49,2232600000,446520000,4770000000,5216520000,0.4076680876342136,0.024900000000000002,5.886909075547096,1.967425216576885e-9
2023-09-04,4.77,0.4458299229571547,2023,2023-11-01,2.31,2232600000,446520000,4770000000,5216520000,0.4076680876342136,0.0231,5.882493718901335,2.020653397102928e-9
2023-09-11,5.18,0.444375395004357,2023,2023-08-01,1.98,2232600000,446520000,5180000000,5626520000,0.40910981319226974,0.019799999999999998,6.037197645657512,7.840680506070986e-10
2023-09-11,5.18,0.444375395004357,2023,2023-09-01,2.12,2232600000,446520000,5180000000,5626520000,0.40910981319226974,0.0212,6.040619709746067,7.676171618267728e-10
2023-09-11,5.18,0.444375395004357,2023,2023-10-02,2.49,2232600000,446520000,5180000000,5626520000,0.40910981319226974,0.024900000000000002,6.049663736265813,7.257423834329427e-10
2023-09-11,5.18,0.444375395004357,2023,2023-11-01,2.31,2232600000,446520000,5180000000,5626520000,0.40910981319226974,0.0231,6.045263939580532,7.458280186142053e-10
2023-09-18,4.98,0.44696885079684096,2023,2023-08-01,1.98,2232600000,446520000,4980000000,5426520000,0.4101901176017536,0.019799999999999998,5.931983879297031,1.4964800839351655e-9
2023-09-18,4.98,0.44696885079684096,2023,2023-09-01,2.12,2232600000,446520000,4980000000,5426520000,0.4101901176017536,0.0212,5.9353969308063785,1.4656771557004908e-9
2023-09-18,4.98,0.44696885079684096,2023,2023-10-02,2.49,2232600000,446520000,4980000000,5426520000,0.4101901176017536,0.024900000000000002,5.944417138366797,1.3872113385753015e-9
2023-09-18,4.98,0.44696885079684096,2023,2023-11-01,2.31,2232600000,446520000,4980000000,5426520000,0.4101901176017536,0.0231,5.94002892928335,1.4248589206291934e-9
2023-09-25,4.56,0.44008058957132384,2023,2023-08-01,1.98,2232600000,446520000,4560000000,5006520000,0.40083081430719075,0.019799999999999998,5.878987829376423,2.0639135844910985e-9
2023-09-25,4.56,0.44008058957132384,2023,2023-09-01,2.12,2232600000,446520000,4560000000,5006520000,0.40083081430719075,0.0212,5.882480574819209,2.0208139255900012e-9
2023-09-25,4.56,0.44008058957132384,2023,2023-10-02,2.49,2232600000,446520000,4560000000,5006520000,0.40083081430719075,0.024900000000000002,5.891711402060861,1.9110813934720974e-9
2023-09-25,4.56,0.44008058957132384,2023,2023-11-01,2.31,2232600000,446520000,4560000000,5006520000,0.40083081430719075,0.0231,5.887220729348706,1.9637201599606475e-9
2023-10-02,4.6,0.44001068264030047,2023,2023-09-01,2.12,2232600000,446520000,4600000000,5046520000,0.40107819648894333,0.0212,5.898446099857007,1.834703959417715e-9
2023-10-02,4.6,0.44001068264030047,2023,2023-10-02,2.49,2232600000,446520000,4600000000,5046520000,0.40107819648894333,0.024900000000000002,5.907671233590004,1.7348879892163662e-9
2023-10-02,4.6,0.44001068264030047,2023,2023-11-01,2.31,2232600000,446520000,4600000000,5046520000,0.40107819648894333,0.0231,5.903183330692871,1.7827683574242594e-9
2023-10-02,4.6,0.44001068264030047,2023,2023-12-01,2.02,2232600000,446520000,4600000000,5046520000,0.40107819648894333,0.0202,5.89595282046971,1.8626270560621243e-9
2023-10-09,5.12,0.4361772975620697,2023,2023-09-01,2.12,2232600000,446520000,5120000000,5566520000,0.40118921040754313,0.0212,6.141154135628974,4.096202007299062e-10
2023-10-09,5.12,0.4361772975620697,2023,2023-10-02,2.49,2232600000,446520000,5120000000,5566520000,0.40118921040754313,0.024900000000000002,6.15037671665562,3.8649561858506997e-10
2023-10-09,5.12,0.4361772975620697,2023,2023-11-01,2.31,2232600000,446520000,5120000000,5566520000,0.40118921040754313,0.0231,6.14589005561563,3.975817497657791e-10
2023-10-09,5.12,0.4361772975620697,2023,2023-12-01,2.02,2232600000,446520000,5120000000,5566520000,0.40118921040754313,0.0202,6.138661546162313,4.160982846367599e-10
2023-10-16,5.34,0.43353515278431776,2023,2023-09-01,2.12,2232600000,446520000,5340000000,5786520000,0.4000811741544585,0.0212,6.256154626095087,1.9729276948581565e-10
2023-10-16,5.34,0.43353515278431776,2023,2023-10-02,2.49,2232600000,446520000,5340000000,5786520000,0.4000811741544585,0.024900000000000002,6.265402749323628,1.8593151121753144e-10
2023-10-16,5.34,0.43353515278431776,2023,2023-11-01,2.31,2232600000,446520000,5340000000,5786520000,0.4000811741544585,0.0231,6.260903662347581,1.9137646891129084e-10
2023-10-16,5.34,0.43353515278431776,2023,2023-12-01,2.02,2232600000,446520000,5340000000,5786520000,0.4000811741544585,0.0202,6.253655133330616,2.0047794539407488e-10
2023-10-23,5.31,0.43348229856399567,2023,2023-09-01,2.12,2232600000,446520000,5310000000,5756520000,0.399858074908941,0.0212,6.246868899242328,2.0938112855518748e-10
2023-10-23,5.31,0.43348229856399567,2023,2023-10-02,2.49,2232600000,446520000,5310000000,5756520000,0.399858074908941,0.024900000000000002,6.256122182424973,1.9733379518981513e-10
2023-10-23,5.31,0.43348229856399567,2023,2023-11-01,2.31,2232600000,446520000,5310000000,5756520000,0.399858074908941,0.0231,6.251620585200983,2.0310763947289393e-10
2023-10-23,5.31,0.43348229856399567,2023,2023-12-01,2.02,2232600000,446520000,5310000000,5756520000,0.399858074908941,0.0202,6.244368011895666,2.1275853425345035e-10
2023-10-30,5.55,0.4326002175815504,2023,2023-09-01,2.12,2232600000,446520000,5550000000,5996520000,0.4003874259699967,0.0212,6.340097559785454,1.1480985628523181e-10
2023-10-30,5.55,0.4326002175815504,2023,2023-10-02,2.49,2232600000,446520000,5550000000,5996520000,0.4003874259699967,0.024900000000000002,6.349338609229092,1.0812129599513199e-10
2023-10-30,5.55,0.4326002175815504,2023,2023-11-01,2.31,2232600000,446520000,5550000000,5996520000,0.4003874259699967,0.0231,6.344842963553809,1.1132622186899128e-10
2023-10-30,5.55,0.4326002175815504,2023,2023-12-01,2.02,2232600000,446520000,5550000000,5996520000,0.4003874259699967,0.0202,6.3375999788547395,1.1668588707502303e-10
2023-11-06,5.18,0.4260527253087464,2023,2023-10-02,2.49,2232600000,446520000,5180000000,5626520000,0.3922412285212362,0.024900000000000002,6.327064697724848,1.2493430507678888e-10
2023-11-06,5.18,0.4260527253087464,2023,2023-11-01,2.31,2232600000,446520000,5180000000,5626520000,0.3922412285212362,0.0231,6.322475684971686,1.2870276893813397e-10
2023-11-06,5.18,0.4260527253087464,2023,2023-12-01,2.02,2232600000,446520000,5180000000,5626520000,0.3922412285212362,0.0202,6.315082275536034,1.3500889182405686e-10
2023-11-06,5.18,0.4260527253087464,2023,2024-01-02,1.76,2232600000,446520000,5180000000,5626520000,0.3922412285212362,0.0176,6.3084537015592455,1.4091850590509014e-10
2023-11-13,5.32,0.4231246597291422,2023,2023-10-02,2.49,2232600000,446520000,5320000000,5766520000,0.3903607704055542,0.024900000000000002,6.422389979611281,6.707560234814332e-11
2023-11-13,5.32,0.4231246597291422,2023,2023-11-01,2.31,2232600000,446520000,5320000000,5766520000,0.3903607704055542,0.0231,6.417778860522316,6.913845856008634e-11
2023-11-13,5.32,0.4231246597291422,2023,2023-12-01,2.02,2232600000,446520000,5320000000,5766520000,0.3903607704055542,0.0202,6.410349835323428,7.259304769352213e-11
2023-11-13,5.32,0.4231246597291422,2023,2024-01-02,1.76,2232600000,446520000,5320000000,5766520000,0.3903607704055542,0.0176,6.403689329972702,7.583328550552982e-11
2023-11-20,5.58,0.425274063800914,2023,2023-10-02,2.49,2232600000,446520000,5580000000,6026520000,0.3937644405078055,0.024900000000000002,6.475484672916907,4.7254040555041097e-11
2023-11-20,5.58,0.425274063800914,2023,2023-11-01,2.31,2232600000,446520000,5580000000,6026520000,0.3937644405078055,0.0231,6.470913411993298,4.8706123551612407e-11
2023-11-20,5.58,0.425274063800914,2023,2023-12-01,2.02,2232600000,446520000,5580000000,6026520000,0.3937644405078055,0.0202,6.463548602727483,5.113783246831893e-11
2023-11-20,5.58,0.425274063800914,2023,2024-01-02,1.76,2232600000,446520000,5580000000,6026520000,0.3937644405078055,0.0176,6.456945670282271,5.341861506840574e-11
2023-11-27,5.94,0.4265643520763817,2023,2023-10-02,2.49,2232600000,446520000,5940000000,6386520000,0.3967406743161702,0.024900000000000002,6.570183480939004,2.5126649639096384e-11
2023-11-27,5.94,0.4265643520763817,2023,2023-11-01,2.31,2232600000,446520000,5940000000,6386520000,0.3967406743161702,0.0231,6.565646512292917,2.5903792434278495e-11
2023-11-27,5.94,0.4265643520763817,2023,2023-12-01,2.02,2232600000,446520000,5940000000,6386520000,0.3967406743161702,0.0202,6.558336951696443,2.7205577374033778e-11
2023-11-27,5.94,0.4265643520763817,2023,2024-01-02,1.76,2232600000,446520000,5940000000,6386520000,0.3967406743161702,0.0176,6.551783552540983,2.8426954262647233e-11
2023-12-04,5.75,0.4267522057925079,2023,2023-11-01,2.31,2232600000,446520000,5750000000,6196520000,0.39600052663542123,0.0231,6.502392166777488,3.9526343184654146e-11
2023-12-04,5.75,0.4267522057925079,2023,2023-12-01,2.02,2232600000,446520000,5750000000,6196520000,0.39600052663542123,0.0202,6.495068944193318,4.1497696953818856e-11
2023-12-04,5.75,0.4267522057925079,2023,2024-01-02,1.76,2232600000,446520000,5750000000,6196520000,0.39600052663542123,0.0176,6.488503296359234,4.3346630237530507e-11
2023-12-04,5.75,0.4267522057925079,2023,2024-02-01,1.63,2232600000,446520000,5750000000,6196520000,0.39600052663542123,0.0163,6.485220472442191,4.430106231236362e-11
2023-12-11,6.03,0.4272241217912836,2023,2023-11-01,2.31,2232600000,446520000,6030000000,6476520000,0.39776939689855667,0.0231,6.58281956774059,2.308046076402903e-11
2023-12-11,6.03,0.4272241217912836,2023,2023-12-01,2.02,2232600000,446520000,6030000000,6476520000,0.39776939689855667,0.0202,6.575528911338636,2.424026090651964e-11
2023-12-11,6.03,0.4272241217912836,2023,2024-01-02,1.76,2232600000,446520000,6030000000,6476520000,0.39776939689855667,0.0176,6.5689924607713674,2.5328424443285098e-11
2023-12-11,6.03,0.4272241217912836,2023,2024-02-01,1.63,2232600000,446520000,6030000000,6476520000,0.39776939689855667,0.0163,6.565724235487732,2.5890283262709172e-11
2023-12-18,6.16,0.4272842618568679,2023,2023-11-01,2.31,2232600000,446520000,6160000000,6606520000,0.398405068483605,0.0231,6.621564423788405,1.7770852903122618e-11
2023-12-18,6.16,0.4272842618568679,2023,2023-12-01,2.02,2232600000,446520000,6160000000,6606520000,0.398405068483605,0.0202,6.614285399926993,1.866754160761948e-11
2023-12-18,6.16,0.4272842618568679,2023,2024-01-02,1.76,2232600000,446520000,6160000000,6606520000,0.398405068483605,0.0176,6.607759378534001,1.950900905181558e-11
2023-12-18,6.16,0.4272842618568679,2023,2024-02-01,1.63,2232600000,446520000,6160000000,6606520000,0.398405068483605,0.0163,6.604496367837506,1.994354951096014e-11
2023-12-25,6.05,0.4271996565647668,2023,2023-11-01,2.31,2232600000,446520000,6050000000,6496520000,0.39783729169106524,0.0231,6.5893784599206,2.2083581021160736e-11
2023-12-25,6.05,0.4271996565647668,2023,2023-12-01,2.02,2232600000,446520000,6050000000,6496520000,0.39783729169106524,0.0202,6.582089047739874,2.3194179992069818e-11
2023-12-25,6.05,0.4271996565647668,2023,2024-01-02,1.76,2232600000,446520000,6050000000,6496520000,0.39783729169106524,0.0176,6.575553712681292,2.4236220467626814e-11
2023-12-25,6.05,0.4271996565647668,2023,2024-02-01,1.63,2232600000,446520000,6050000000,6496520000,0.39783729169106524,0.0163,6.572286045152001,2.4774278550040298e-11
2024-01-01,5.71,0.4187936923248356,2024,2023-12-01,2.02,1435400000,287080000,5710000000,5997080000,0.3987460536085581,0.0202,7.473347525119781,3.909000812446278e-14
2024-01-01,5.71,0.4187936923248356,2024,2024-01-02,1.76,1435400000,287080000,5710000000,5997080000,0.3987460536085581,0.0176,7.46682708441204,4.1075803366308235e-14
2024-01-01,5.71,0.4187936923248356,2024,2024-02-01,1.63,1435400000,287080000,5710000000,5997080000,0.3987460536085581,0.0163,7.46356686405817,4.2105556065043546e-14
2024-01-01,5.71,0.4187936923248356,2024,2024-03-01,1.77,1435400000,287080000,5710000000,5997080000,0.3987460536085581,0.0177,7.467077870593108,4.099762493590951e-14
2024-01-08,5.89,0.4183987507281634,2024,2023-12-01,2.02,1435400000,287080000,5890000000,6177080000,0.3989536547671201,0.0202,7.543377480152888,2.2897654080500152e-14
2024-01-08,5.89,0.4183987507281634,2024,2024-01-02,1.76,1435400000,287080000,5890000000,6177080000,0.3989536547671201,0.0176,7.5368604324483925,2.407105459031926e-14
2024-01-08,5.89,0.4183987507281634,2024,2024-02-01,1.63,1435400000,287080000,5890000000,6177080000,0.3989536547671201,0.0163,7.533601908596145,2.4679728352298405e-14
2024-01-08,5.89,0.4183987507281634,2024,2024-03-01,1.77,1435400000,287080000,5890000000,6177080000,0.3989536547671201,0.0177,7.537111088129335,2.4024849694540422e-14
2024-01-15,5.4,0.4281370650117697,2024,2023-12-01,2.02,1435400000,287080000,5400000000,5687080000,0.40652499192266617,0.0202,7.19207936874901,3.190595746898304e-13
2024-01-15,5.4,0.4281370650117697,2024,2024-01-02,1.76,1435400000,287080000,5400000000,5687080000,0.40652499192266617,0.0176,7.185683697998969,3.3435848223690844e-13
2024-01-15,5.4,0.4281370650117697,2024,2024-02-01,1.63,1435400000,287080000,5400000000,5687080000,0.40652499192266617,0.0163,7.18248586262395,3.4227571081618726e-13
2024-01-15,5.4,0.4281370650117697,2024,2024-03-01,1.77,1435400000,287080000,5400000000,5687080000,0.40652499192266617,0.0177,7.18592968533551,3.3375696579943247e-13
2024-01-22,5.54,0.42858912400449795,2024,2023-12-01,2.02,1435400000,287080000,5540000000,5827080000,0.4074740259246344,0.0202,7.234063143259681,2.3437682772145576e-13
2024-01-22,5.54,0.42858912400449795,2024,2024-01-02,1.76,1435400000,287080000,5540000000,5827080000,0.4074740259246344,0.0176,7.227682368450539,2.4565307734941657e-13
2024-01-22,5.54,0.42858912400449795,2024,2024-02-01,1.63,1435400000,287080000,5540000000,5827080000,0.4074740259246344,0.0163,7.224491981045968,2.5148927050964834e-13
2024-01-22,5.54,0.42858912400449795,2024,2024-03-01,1.77,1435400000,287080000,5540000000,5827080000,0.4074740259246344,0.0177,7.227927782866275,2.4520968817593424e-13
2024-01-29,5.5,0.418301919283021,2024,2023-12-01,2.02,1435400000,287080000,5500000000,5787080000,0.3975511926665289,0.0202,7.407344719198808,6.442660902418578e-14
2024-01-29,5.5,0.418301919283021,2024,2024-01-02,1.76,1435400000,287080000,5500000000,5787080000,0.3975511926665289,0.0176,7.4008046809648365,6.768085444464669e-14
2024-01-29,5.5,0.418301919283021,2024,2024-02-01,1.63,1435400000,287080000,5500000000,5787080000,0.3975511926665289,0.0163,7.397534661847851,6.936801411640952e-14
2024-01-29,5.5,0.418301919283021,2024,2024-03-01,1.77,1435400000,287080000,5500000000,5787080000,0.3975511926665289,0.0177,7.401056220896913,6.755275604608942e-14
2024-02-05,5.16,0.4210573685724838,2024,2024-01-02,1.76,1435400000,287080000,5160000000,5447080000,0.3988661855221543,0.0176,7.223291994405195,2.537194640087598e-13
2024-02-05,5.16,0.4210573685724838,2024,2024-02-01,1.63,1435400000,287080000,5160000000,5447080000,0.3988661855221543,0.0163,7.2200327559759,2.598752659981072e-13
2024-02-05,5.16,0.4210573685724838,2024,2024-03-01,1.77,1435400000,287080000,5160000000,5447080000,0.3988661855221543,0.0177,7.223542705053602,2.532519155064827e-13
2024-02-05,5.16,0.4210573685724838,2024,2024-04-01,1.93,1435400000,287080000,5160000000,5447080000,0.3988661855221543,0.019299999999999998,7.2275540754281185,2.4588517702651855e-13
2024-02-12,5.07,0.4124753476265523,2024,2024-01-02,1.76,1435400000,287080000,5070000000,5357080000,0.3903712493497615,0.0176,7.346387715685021,1.0181756779885048e-13
2024-02-12,5.07,0.4124753476265523,2024,2024-02-01,1.63,1435400000,287080000,5070000000,5357080000,0.3903712493497615,0.0163,7.34305755240541,1.0438435011577981e-13
2024-02-12,5.07,0.4124753476265523,2024,2024-03-01,1.77,1435400000,287080000,5070000000,5357080000,0.3903712493497615,0.0177,7.3466438820911435,1.0162271141519855e-13
2024-02-12,5.07,0.4124753476265523,2024,2024-04-01,1.93,1435400000,287080000,5070000000,5357080000,0.3903712493497615,0.019299999999999998,7.350742544589125,9.855437843423075e-14
2024-02-19,4.98,0.40709279351033184,2024,2024-01-02,1.76,1435400000,287080000,4980000000,5267080000,0.38490437048259235,0.0176,7.412217208479296,6.210255312449912e-14
2024-02-19,4.98,0.40709279351033184,2024,2024-02-01,1.63,1435400000,287080000,4980000000,5267080000,0.38490437048259235,0.0163,7.4088397461803615,6.370457528352325e-14
2024-02-19,4.98,0.40709279351033184,2024,2024-03-01,1.77,1435400000,287080000,4980000000,5267080000,0.38490437048259235,0.0177,7.412477013271522,6.19809736161731e-14
2024-02-19,4.98,0.40709279351033184,2024,2024-04-01,1.93,1435400000,287080000,4980000000,5267080000,0.38490437048259235,0.019299999999999998,7.416633889947134,6.006721501066462e-14
2024-02-26,5.08,0.4062589406110502,2024,2024-01-02,1.76,1435400000,287080000,5080000000,5367080000,0.38452853661658387,0.0176,7.468749349382421,4.0480292265054884e-14
2024-02-26,5.08,0.4062589406110502,2024,2024-02-01,1.63,1435400000,287080000,5080000000,5367080000,0.38452853661658387,0.0163,7.465368585989831,4.1533378775469655e-14
2024-02-26,5.08,0.4062589406110502,2024,2024-03-01,1.77,1435400000,287080000,5080000000,5367080000,0.38452853661658387,0.0177,7.469009408104928,4.040038149712269e-14
2024-02-26,5.08,0.4062589406110502,2024,2024-04-01,1.93,1435400000,287080000,5080000000,5367080000,0.38452853661658387,0.019299999999999998,7.47317034766504,3.914269860945295e-14
2024-03-04,5.37,0.4019320306727172,2024,2024-02-01,1.63,1435400000,287080000,5370000000,5657080000,0.3815351744561667,0.0163,7.664870411875683,8.95059258738427e-15
2024-03-04,5.37,0.4019320306727172,2024,2024-03-01,1.77,1435400000,287080000,5370000000,5657080000,0.3815351744561667,0.0177,7.668539798327392,8.698269297790498e-15
2024-03-04,5.37,0.4019320306727172,2024,2024-04-01,1.93,1435400000,287080000,5370000000,5657080000,0.3815351744561667,0.019299999999999998,7.672733382843631,8.418461410214216e-15
2024-03-04,5.37,0.4019320306727172,2024,2024-05-01,2.25,1435400000,287080000,5370000000,5657080000,0.3815351744561667,0.0225,7.681120551876109,7.885149273182125e-15
2024-03-11,5.67,0.3718251115194576,2024,2024-02-01,1.63,1435400000,287080000,5670000000,5957080000,0.35390634040760316,0.0163,8.437966757604835,1.6145271464926844e-17
2024-03-11,5.67,0.3718251115194576,2024,2024-03-01,1.77,1435400000,287080000,5670000000,5957080000,0.35390634040760316,0.0177,8.441922606483912,1.5608001321335248e-17
2024-03-11,5.67,0.3718251115194576,2024,2024-04-01,1.93,1435400000,287080000,5670000000,5957080000,0.35390634040760316,0.019299999999999998,8.446443576631431,1.5015551857305374e-17
2024-03-11,5.67,0.3718251115194576,2024,2024-05-01,2.25,1435400000,287080000,5670000000,5957080000,0.35390634040760316,0.0225,8.455485516926466,1.3896422936760558e-17
2024-03-18,5.65,0.3686788467925915,2024,2024-02-01,1.63,1435400000,287080000,5650000000,5937080000,0.3508518470996082,0.0163,8.504909698489316,9.086849712016092e-18
2024-03-18,5.65,0.3686788467925915,2024,2024-03-01,1.77,1435400000,287080000,5650000000,5937080000,0.3508518470996082,0.0177,8.508899986730844,8.779560624886158e-18
2024-03-18,5.65,0.3686788467925915,2024,2024-04-01,1.93,1435400000,287080000,5650000000,5937080000,0.3508518470996082,0.019299999999999998,8.513460316149732,8.440914351477468e-18
2024-03-18,5.65,0.3686788467925915,2024,2024-05-01,2.25,1435400000,287080000,5650000000,5937080000,0.3508518470996082,0.0225,8.522580974987513,7.801824323511739e-18
2024-03-25,6.13,0.3695667666366667,2024,2024-02-01,1.63,1435400000,287080000,6130000000,6417080000,0.3530335104880673,0.0163,8.670398478604108,2.1530536889571527e-18
2024-03-25,6.13,0.3695667666366667,2024,2024-03-01,1.77,1435400000,287080000,6130000000,6417080000,0.3530335104880673,0.0177,8.674364107810424,2.079338589736668e-18
2024-03-25,6.13,0.3695667666366667,2024,2024-04-01,1.93,1435400000,287080000,6130000000,6417080000,0.3530335104880673,0.019299999999999998,8.678896255474788,1.9981400725033814e-18
2024-03-25,6.13,0.3695667666366667,2024,2024-05-01,2.25,1435400000,287080000,6130000000,6417080000,0.3530335104880673,0.0225,8.68796055080351,1.8450193688187596e-18
2024-04-01,6.4,0.3661157281233548,2024,2024-02-01,1.63,1435400000,287080000,6400000000,6687080000,0.35039817977195886,0.0163,8.85587425927152,4.1515218527782857e-19
2024-04-01,6.4,0.3661157281233548,2024,2024-03-01,1.77,1435400000,287080000,6400000000,6687080000,0.35039817977195886,0.0177,8.85986971381672,4.0054002686222137e-19
2024-04-01,6.4,0.3661157281233548,2024,2024-04-01,1.93,1435400000,287080000,6400000000,6687080000,0.35039817977195886,0.019299999999999998,8.864435947582663,3.8446168968908317e-19
2024-04-01,6.4,0.3661157281233548,2024,2024-05-01,2.25,1435400000,287080000,6400000000,6687080000,0.35039817977195886,0.0225,8.873568415114551,3.541934467480327e-19
2024-04-08,6.38,0.3621328684553895,2024,2024-03-01,1.77,1435400000,287080000,6380000000,6667080000,0.34653966965228933,0.0177,8.953755485414366,1.7179469731398295e-19
2024-04-08,6.38,0.3621328684553895,2024,2024-04-01,1.93,1435400000,287080000,6380000000,6667080000,0.34653966965228933,0.019299999999999998,8.958372561438031,1.6475275724333136e-19
2024-04-08,6.38,0.3621328684553895,2024,2024-05-01,2.25,1435400000,287080000,6380000000,6667080000,0.34653966965228933,0.0225,8.967606713485358,1.5151342435977255e-19
2024-04-08,6.38,0.3621328684553895,2024,2024-06-03,2.11,1435400000,287080000,6380000000,6667080000,0.34653966965228933,0.021099999999999997,8.963566771964652,1.571710512079113e-19
2024-04-15,6.77,0.3576263630548309,2024,2024-03-01,1.77,1435400000,287080000,6770000000,7057080000,0.34307822468800203,0.0177,9.21327604916797,1.5816010699869172e-20
2024-04-15,6.77,0.3576263630548309,2024,2024-04-01,1.93,1435400000,287080000,6770000000,7057080000,0.34307822468800203,0.019299999999999998,9.2179397086044,1.5143168644466726e-20
2024-04-15,6.77,0.3576263630548309,2024,2024-05-01,2.25,1435400000,287080000,6770000000,7057080000,0.34307822468800203,0.0225,9.22726702747726,1.388124281956202e-20
2024-04-15,6.77,0.3576263630548309,2024,2024-06-03,2.11,1435400000,287080000,6770000000,7057080000,0.34307822468800203,0.021099999999999997,9.223186325470385,1.4420003891341044e-20
2024-04-22,6.74,0.35756219124279986,2024,2024-03-01,1.77,1435400000,287080000,6740000000,7027080000,0.3429545656199262,0.0177,9.204299964570907,1.7195274597592363e-20
2024-04-22,6.74,0.35756219124279986,2024,2024-04-01,1.93,1435400000,287080000,6740000000,7027080000,0.3429545656199262,0.019299999999999998,9.20896530558221,1.6464179843032836e-20
2024-04-22,6.74,0.35756219124279986,2024,2024-05-01,2.25,1435400000,287080000,6740000000,7027080000,0.3429545656199262,0.0225,9.218295987604813,1.5092946332623248e-20
2024-04-22,6.74,0.35756219124279986,2024,2024-06-03,2.11,1435400000,287080000,6740000000,7027080000,0.3429545656199262,0.021099999999999997,9.214213814219924,1.567838360431292e-20
2024-04-29,6.59,0.35543841569513523,2024,2024-03-01,1.77,1435400000,287080000,6590000000,6877080000,0.34060083050232676,0.0177,9.206918351242658,1.6781090435073125e-20
2024-04-29,6.59,0.35543841569513523,2024,2024-04-01,1.93,1435400000,287080000,6590000000,6877080000,0.34060083050232676,0.019299999999999998,9.211615932272158,1.6062585526485016e-20
2024-04-29,6.59,0.35543841569513523,2024,2024-05-01,2.25,1435400000,287080000,6590000000,6877080000,0.34060083050232676,0.0225,9.22101109433116,1.471558628083239e-20
2024-04-29,6.59,0.35543841569513523,2024,2024-06-03,2.11,1435400000,287080000,6590000000,6877080000,0.34060083050232676,0.021099999999999997,9.216900710930348,1.52905746921498e-20
2024-05-06,7.59,0.3808447263959594,2024,2024-04-01,1.93,1435400000,287080000,7590000000,7877080000,0.3669648490741914,0.019299999999999998,8.894366970698034,2.937662184205942e-19
2024-05-06,7.59,0.3808447263959594,2024,2024-05-01,2.25,1435400000,287080000,7590000000,7877080000,0.3669648490741914,0.0225,8.903087151958099,2.715725015599688e-19
2024-05-06,7.59,0.3808447263959594,2024,2024-06-03,2.11,1435400000,287080000,7590000000,7877080000,0.3669648490741914,0.021099999999999997,8.89927207265682,2.81070706142532e-19
2024-05-06,7.59,0.3808447263959594,2024,2024-07-01,2.15,1435400000,287080000,7590000000,7877080000,0.3669648490741914,0.0215,8.900362095314328,2.7832394230894385e-19
2024-05-13,8,0.3817714348021783,2024,2024-04-01,1.93,1435400000,287080000,8000000000,8287080000,0.368546155994322,0.019299999999999998,8.99230352416691,1.2105101772813246e-19
2024-05-13,8,0.3817714348021783,2024,2024-05-01,2.25,1435400000,287080000,8000000000,8287080000,0.368546155994322,0.0225,9.000986290078188,1.118494435316913e-19
2024-05-13,8,0.3817714348021783,2024,2024-06-03,2.11,1435400000,287080000,8000000000,8287080000,0.368546155994322,0.021099999999999997,8.997187579992003,1.1578684097202328e-19
2024-05-13,8,0.3817714348021783,2024,2024-07-01,2.15,1435400000,287080000,8000000000,8287080000,0.368546155994322,0.0215,8.998272925730912,1.1464810277664425e-19
2024-05-20,8.07,0.37021806530989143,2024,2024-04-01,1.93,1435400000,287080000,8070000000,8357080000,0.35750044118888696,0.019299999999999998,9.304884062294795,6.7069299075216786e-21
2024-05-20,8.07,0.37021806530989143,2024,2024-05-01,2.25,1435400000,287080000,8070000000,8357080000,0.35750044118888696,0.0225,9.313835100199414,6.164902825147634e-21
2024-05-20,8.07,0.37021806530989143,2024,2024-06-03,2.11,1435400000,287080000,8070000000,8357080000,0.35750044118888696,0.021099999999999997,9.309919021116144,6.396492441480109e-21
2024-05-20,8.07,0.37021806530989143,2024,2024-07-01,2.15,1435400000,287080000,8070000000,8357080000,0.35750044118888696,0.0215,9.31103790085422,6.329460030136008e-21
2024-05-27,8.13,0.3700002031319681,2024,2024-04-01,1.93,1435400000,287080000,8130000000.000001,8417080000.000001,0.3573806654401408,0.019299999999999998,9.32813994584094,5.387254284424459e-21
2024-05-27,8.13,0.3700002031319681,2024,2024-05-01,2.25,1435400000,287080000,8130000000.000001,8417080000.000001,0.3573806654401408,0.0225,9.337093983676365,4.9507182602950705e-21
2024-05-27,8.13,0.3700002031319681,2024,2024-06-03,2.11,1435400000,287080000,8130000000.000001,8417080000.000001,0.3573806654401408,0.021099999999999997,9.333176592123365,5.1372225223598104e-21
2024-05-27,8.13,0.3700002031319681,2024,2024-07-01,2.15,1435400000,287080000,8130000000.000001,8417080000.000001,0.3573806654401408,0.0215,9.334295846852793,5.0832378559437765e-21
2024-06-03,7.4,0.384261985728645,2024,2024-05-01,2.25,1435400000,287080000,7400000000,7687080000,0.36991142207339756,0.0225,8.76322797942876,9.486869932414843e-19
2024-06-03,7.4,0.384261985728645,2024,2024-06-03,2.11,1435400000,287080000,7400000000,7687080000,0.36991142207339756,0.021099999999999997,8.759443289590982,9.810851407244278e-19
2024-06-03,7.4,0.384261985728645,2024,2024-07-01,2.15,1435400000,287080000,7400000000,7687080000,0.36991142207339756,0.0215,8.760524629544634,9.717186517700624e-19
2024-06-03,7.4,0.384261985728645,2024,2024-08-01,1.78,1435400000,287080000,7400000000,7687080000,0.36991142207339756,0.0178,8.750522234973358,1.061838258514562e-18
2024-06-10,7.41,0.3843171903818969,2024,2024-05-01,2.25,1435400000,287080000,7410000000,7697080000,0.36998321191021216,0.0225,8.764969597641066,9.341353544013688e-19
2024-06-10,7.41,0.3843171903818969,2024,2024-06-03,2.11,1435400000,287080000,7410000000,7697080000,0.36998321191021216,0.021099999999999997,8.761185642167055,9.660365521222712e-19
2024-06-10,7.41,0.3843171903818969,2024,2024-07-01,2.15,1435400000,287080000,7410000000,7697080000,0.36998321191021216,0.0215,8.762266772302487,9.568137336576938e-19
2024-06-10,7.41,0.3843171903818969,2024,2024-08-01,1.78,1435400000,287080000,7410000000,7697080000,0.36998321191021216,0.0178,8.752266318549742,1.0455510332624438e-18
2024-06-17,7.62,0.379027211970314,2024,2024-05-01,2.25,1435400000,287080000,7620000000,7907080000,0.3652659838036029,0.0225,8.956605440084502,1.6741362081129368e-19
2024-06-17,7.62,0.379027211970314,2024,2024-06-03,2.11,1435400000,287080000,7620000000,7907080000,0.3652659838036029,0.021099999999999997,8.952772616711732,1.7333172120322423e-19
2024-06-17,7.62,0.379027211970314,2024,2024-07-01,2.15,1435400000,287080000,7620000000,7907080000,0.3652659838036029,0.0215,8.953867709103951,1.7162005914449491e-19
2024-06-17,7.62,0.379027211970314,2024,2024-08-01,1.78,1435400000,287080000,7620000000,7907080000,0.3652659838036029,0.0178,8.94373810447592,1.8811175169564915e-19
2024-06-24,8.32,0.3863078957479267,2024,2024-05-01,2.25,1435400000,287080000,8320000000,8607080000,0.37342300671339757,0.0225,8.980049556525458,1.3532241624194496e-19
2024-06-24,8.32,0.3863078957479267,2024,2024-06-03,2.11,1435400000,287080000,8320000000,8607080000,0.37342300671339757,0.021099999999999997,8.976300457046232,1.4001199240933594e-19
2024-06-24,8.32,0.3863078957479267,2024,2024-07-01,2.15,1435400000,287080000,8320000000,8607080000,0.37342300671339757,0.0215,8.977371628326011,1.3865596828439833e-19
2024-06-24,8.32,0.3863078957479267,2024,2024-08-01,1.78,1435400000,287080000,8320000000,8607080000,0.37342300671339757,0.0178,8.96746329398806,1.5171078349104676e-19
2024-07-01,8.47,0.3830919193500547,2024,2024-06-03,2.11,1435400000,287080000,8470000000.000001,8757080000,0.3705331636681364,0.021099999999999997,9.095837539651233,4.6930111741062476e-20
2024-07-01,8.47,0.3830919193500547,2024,2024-07-01,2.15,1435400000,287080000,8470000000.000001,8757080000,0.3705331636681364,0.0215,9.096917065154539,4.646613521020108e-20
2024-07-01,8.47,0.3830919193500547,2024,2024-08-01,1.78,1435400000,287080000,8470000000.000001,8757080000,0.3705331636681364,0.0178,9.086931454248967,5.0936786835926154e-20
2024-07-08,9.21,0.3801956844659643,2024,2024-06-03,2.11,1435400000,287080000,9210000000,9497080000,0.36870303861097636,0.021099999999999997,9.362840585808776,3.881061864106135e-21
2024-07-08,9.21,0.3801956844659643,2024,2024-07-01,2.15,1435400000,287080000,9210000000,9497080000,0.36870303861097636,0.0215,9.363925469734623,3.841401400669785e-21
2024-07-08,9.21,0.3801956844659643,2024,2024-08-01,1.78,1435400000,287080000,9210000000,9497080000,0.36870303861097636,0.0178,9.353890293420537,4.224093178042173e-21
2024-07-08,9.21,0.3801956844659643,2024,2024-09-03,1.7,1435400000,287080000,9210000000,9497080000,0.36870303861097636,0.017,9.351720525568844,4.311668658020255e-21
2024-07-15,8.82,0.38375877282413134,2024,2024-06-03,2.11,1435400000,287080000,8820000000,9107080000,0.371661649651572,0.021099999999999997,9.172537176499082,2.3100720663501696e-20
2024-07-15,8.82,0.38375877282413134,2024,2024-07-01,2.15,1435400000,287080000,8820000000,9107080000,0.371661649651572,0.0215,9.173613424210878,2.287115758348947e-20
2024-07-15,8.82,0.38375877282413134,2024,2024-08-01,1.78,1435400000,287080000,8820000000,9107080000,0.371661649651572,0.0178,9.16365813287676,2.5083604952375777e-20
2024-07-15,8.82,0.38375877282413134,2024,2024-09-03,1.7,1435400000,287080000,8820000000,9107080000,0.371661649651572,0.017,9.161505637453168,2.558910031463232e-20
2024-07-22,8.61,0.3826604768014209,2024,2024-06-03,2.11,1435400000,287080000,8610000000,8897080000,0.370313260672067,0.021099999999999997,9.144289156097445,3.001165266688219e-20
2024-07-22,8.61,0.3826604768014209,2024,2024-07-01,2.15,1435400000,287080000,8610000000,8897080000,0.370313260672067,0.0215,9.145369322655007,2.971322822428709e-20
2024-07-22,8.61,0.3826604768014209,2024,2024-08-01,1.78,1435400000,287080000,8610000000,8897080000,0.370313260672067,0.0178,9.135377781997551,3.258940222761783e-20
2024-07-22,8.61,0.3826604768014209,2024,2024-09-03,1.7,1435400000,287080000,8610000000,8897080000,0.370313260672067,0.017,9.133217448882425,3.324656413076626e-20
2024-07-29,8.75,0.38262343309634433,2024,2024-06-03,2.11,1435400000,287080000,8750000000,9037080000,0.3704686734645497,0.021099999999999997,9.182441578592549,2.1071286594642922e-20
2024-07-29,8.75,0.38262343309634433,2024,2024-07-01,2.15,1435400000,287080000,8750000000,9037080000,0.3704686734645497,0.0215,9.183521292016788,2.086099941793958e-20
2024-07-29,8.75,0.38262343309634433,2024,2024-08-01,1.78,1435400000,287080000,8750000000,9037080000,0.3704686734645497,0.0178,9.17353394284257,2.288803352000306e-20
2024-07-29,8.75,0.38262343309634433,2024,2024-09-03,1.7,1435400000,287080000,8750000000,9037080000,0.3704686734645497,0.017,9.17137451599409,2.3351275297517445e-20
2024-08-05,8.48,0.3846195128569697,2024,2024-07-01,2.15,1435400000,287080000,8480000000,8767080000,0.3720250606846411,0.0215,9.062015405683878,6.403105349702058e-20
2024-08-05,8.48,0.3846195128569697,2024,2024-08-01,1.78,1435400000,287080000,8480000000,8767080000,0.3720250606846411,0.0178,9.052069839132015,7.014176627101838e-20
2024-08-05,8.48,0.3846195128569697,2024,2024-09-03,1.7,1435400000,287080000,8480000000,8767080000,0.3720250606846411,0.017,9.049919446364045,7.153692365457289e-20
2024-08-05,8.48,0.3846195128569697,2024,2024-10-01,1.44,1435400000,287080000,8480000000,8767080000,0.3720250606846411,0.0144,9.042930669868142,7.626330557643377e-20
2024-08-12,9.17,0.3753915546246695,2024,2024-07-01,2.15,1435400000,287080000,9170000000,9457080000,0.36399613368060957,0.0215,9.478154056768533,1.2941048295647547e-21
2024-08-12,9.17,0.3753915546246695,2024,2024-08-01,1.78,1435400000,287080000,9170000000,9457080000,0.36399613368060957,0.0178,9.467989113634147,1.4264128452312859e-21
2024-08-12,9.17,0.3753915546246695,2024,2024-09-03,1.7,1435400000,287080000,9170000000,9457080000,0.36399613368060957,0.017,9.465791288091577,1.4567335165195535e-21
2024-08-12,9.17,0.3753915546246695,2024,2024-10-01,1.44,1435400000,287080000,9170000000,9457080000,0.36399613368060957,0.0144,9.458648355078225,1.5597468187214575e-21
2024-08-19,9.15,0.3746656448984061,2024,2024-07-01,2.15,1435400000,287080000,9150000000,9437080000,0.36326815612672736,0.0215,9.492048867787602,1.1326856492531714e-21
2024-08-19,9.15,0.3746656448984061,2024,2024-08-01,1.78,1435400000,287080000,9150000000,9437080000,0.36326815612672736,0.0178,9.48186355443823,1.2489086588637603e-21
2024-08-19,9.15,0.3746656448984061,2024,2024-09-03,1.7,1435400000,287080000,9150000000,9437080000,0.36326815612672736,0.017,9.479661324524852,1.2755485193362618e-21
2024-08-19,9.15,0.3746656448984061,2024,2024-10-01,1.44,1435400000,287080000,9150000000,9437080000,0.36326815612672736,0.0144,9.472504077306372,1.3660704096809531e-21
2024-08-26,9.04,0.3739701352689054,2024,2024-07-01,2.15,1435400000,287080000,9040000000,9327080000,0.3624596361166522,0.0215,9.481684350541277,1.2510557175729552e-21
2024-08-26,9.04,0.3739701352689054,2024,2024-08-01,1.78,1435400000,287080000,9040000000,9327080000,0.3624596361166522,0.0178,9.471476317338901,1.379580472751048e-21
2024-08-26,9.04,0.3739701352689054,2024,2024-09-03,1.7,1435400000,287080000,9040000000,9327080000,0.3624596361166522,0.017,9.469269175024873,1.4090419941841253e-21
2024-08-26,9.04,0.3739701352689054,2024,2024-10-01,1.44,1435400000,287080000,9040000000,9327080000,0.3624596361166522,0.0144,9.462095962504286,1.5091569138685454e-21
2024-09-02,8.33,0.3800624673353406,2024,2024-08-01,1.78,1435400000,287080000,8330000000,8617080000,0.3674005989155708,0.0178,9.123689635946636,3.6304645409227966e-20
2024-09-02,8.33,0.3800624673353406,2024,2024-09-03,1.7,1435400000,287080000,8330000000,8617080000,0.3674005989155708,0.017,9.121512176240905,3.704165428984352e-20
2024-09-02,8.33,0.3800624673353406,2024,2024-10-01,1.44,1435400000,287080000,8330000000,8617080000,0.3674005989155708,0.0144,9.114435432197281,3.954056595405235e-20
2024-09-02,8.33,0.3800624673353406,2024,2024-11-01,1.85,1435400000,287080000,8330000000,8617080000,0.3674005989155708,0.018500000000000003,9.12559491318915,3.567166461911787e-20
2024-09-09,9.84,0.4047636685681038,2024,2024-08-01,1.78,1435400000,287080000,9840000000,10127080000,0.3932895265673957,0.0178,8.908625371083062,2.583459229023818e-19
2024-09-09,9.84,0.4047636685681038,2024,2024-09-03,1.7,1435400000,287080000,9840000000,10127080000,0.3932895265673957,0.017,8.906591246231116,2.631282603636172e-19
2024-09-09,9.84,0.4047636685681038,2024,2024-10-01,1.44,1435400000,287080000,9840000000,10127080000,0.3932895265673957,0.0144,8.8999803404623,2.7928290139970235e-19
2024-09-09,9.84,0.4047636685681038,2024,2024-11-01,1.85,1435400000,287080000,9840000000,10127080000,0.3932895265673957,0.018500000000000003,8.910405230328513,2.5423187956517056e-19
2024-09-16,9.56,0.4035293918300995,2024,2024-08-01,1.78,1435400000,287080000,9560000000,9847080000,0.3917649684876889,0.0178,8.873252345932778,3.552005653798664e-19
2024-09-16,9.56,0.4035293918300995,2024,2024-09-03,1.7,1435400000,287080000,9560000000,9847080000,0.3917649684876889,0.017,8.871210305259545,3.617758110003474e-19
2024-09-16,9.56,0.4035293918300995,2024,2024-10-01,1.44,1435400000,287080000,9560000000,9847080000,0.3917649684876889,0.0144,8.864573673071536,3.839867760719493e-19
2024-09-16,9.56,0.4035293918300995,2024,2024-11-01,1.85,1435400000,287080000,9560000000,9847080000,0.3917649684876889,0.018500000000000003,8.87503913152186,3.4954414962595622e-19
2024-09-23,9.46,0.3910641355168115,2024,2024-08-01,1.78,1435400000,287080000,9460000000,9747080000,0.3795461535135689,0.0178,9.144433255197619,2.9971670899249274e-20
2024-09-23,9.46,0.3910641355168115,2024,2024-09-03,1.7,1435400000,287080000,9460000000,9747080000,0.3795461535135689,0.017,9.142325474648155,3.056177922702405e-20
2024-09-23,9.46,0.3910641355168115,2024,2024-10-01,1.44,1435400000,287080000,9460000000,9747080000,0.3795461535135689,0.0144,9.135475187862395,3.2560076328182606e-20
2024-09-23,9.46,0.3910641355168115,2024,2024-11-01,1.85,1435400000,287080000,9460000000,9747080000,0.3795461535135689,0.018500000000000003,9.146277563178401,2.946457431827075e-20
2024-09-30,9.42,0.3914582885945859,2024,2024-08-01,1.78,1435400000,287080000,9420000000,9707080000,0.3798811876033781,0.0178,9.125208426649964,3.579917692466237e-20
2024-09-30,9.42,0.3914582885945859,2024,2024-09-03,1.7,1435400000,287080000,9420000000,9707080000,0.3798811876033781,0.017,9.123102505045772,3.650193332971206e-20
2024-09-30,9.42,0.3914582885945859,2024,2024-10-01,1.44,1435400000,287080000,9420000000,9707080000,0.3798811876033781,0.0144,9.11625825983215,3.888140043893931e-20
2024-09-30,9.42,0.3914582885945859,2024,2024-11-01,1.85,1435400000,287080000,9420000000,9707080000,0.3798811876033781,0.018500000000000003,9.127051108053632,3.5195246142991074e-20
2024-10-07,9.82,0.38087440327467487,2024,2024-09-03,1.7,1435400000,287080000,9820000000,10107080000,0.3700561032620012,0.017,9.484399079136486,1.2189180872519675e-21
2024-10-07,9.82,0.38087440327467487,2024,2024-10-01,1.44,1435400000,287080000,9820000000,10107080000,0.3700561032620012,0.0144,9.477373117459104,1.303823915061178e-21
2024-10-07,9.82,0.38087440327467487,2024,2024-11-01,1.85,1435400000,287080000,9820000000,10107080000,0.3700561032620012,0.018500000000000003,9.488452518565744,1.1724466492741281e-21
2024-10-07,9.82,0.38087440327467487,2024,2024-12-02,1.75,1435400000,287080000,9820000000,10107080000,0.3700561032620012,0.0175,9.485750225612904,1.2032286440240355e-21
2024-10-14,10.61,0.3852777117914045,2024,2024-09-03,1.7,1435400000,287080000,10610000000,10897080000,0.3751276967872863,0.017,9.551757591073095,6.375716470124023e-22
2024-10-14,10.61,0.3852777117914045,2024,2024-10-01,1.44,1435400000,287080000,10610000000,10897080000,0.3751276967872863,0.0144,9.544826617907779,6.816773049274076e-22
2024-10-14,10.61,0.3852777117914045,2024,2024-11-01,1.85,1435400000,287080000,10610000000,10897080000,0.3751276967872863,0.018500000000000003,9.555756229437701,6.134230349968141e-22
2024-10-14,10.61,0.3852777117914045,2024,2024-12-02,1.75,1435400000,287080000,10610000000,10897080000,0.3751276967872863,0.0175,9.553090470527964,6.2941939447721775e-22
2024-10-21,10.53,0.3853790087300249,2024,2024-09-03,1.7,1435400000,287080000,10530000000,10817080000,0.3751512387748969,0.017,9.531493241250876,7.751844466438413e-22
2024-10-21,10.53,0.3853790087300249,2024,2024-10-01,1.44,1435400000,287080000,10530000000,10817080000,0.3751512387748969,0.0144,9.52456270302717,8.286911561561747e-22
2024-10-21,10.53,0.3853790087300249,2024,2024-11-01,1.85,1435400000,287080000,10530000000,10817080000,0.3751512387748969,0.018500000000000003,9.53549162868763,7.458852402300971e-22
2024-10-21,10.53,0.3853790087300249,2024,2024-12-02,1.75,1435400000,287080000,10530000000,10817080000,0.3751512387748969,0.0175,9.532826037063128,7.652936941614668e-22
2024-10-28,9.98,0.38974112065327937,2024,2024-09-03,1.7,1435400000,287080000,9980000000,10267080000,0.37884348657259204,0.017,9.297179304486743,7.211044073403106e-21
2024-10-28,9.98,0.38974112065327937,2024,2024-10-01,1.44,1435400000,287080000,9980000000,10267080000,0.37884348657259204,0.0144,9.290316312005277,7.691523960271107e-21
2024-10-28,9.98,0.38974112065327937,2024,2024-11-01,1.85,1435400000,287080000,9980000000,10267080000,0.37884348657259204,0.018500000000000003,9.30113872322605,6.947473200141548e-21
2024-10-28,9.98,0.38974112065327937,2024,2024-12-02,1.75,1435400000,287080000,9980000000,10267080000,0.37884348657259204,0.0175,9.298499110733179,7.122106686959848e-21
2024-11-04,10.47,0.3826598944786387,2024,2024-10-01,1.44,1435400000,287080000,10470000000,10757080000,0.3724476433373506,0.0144,9.581480616630307,4.783177684663588e-22
2024-11-04,10.47,0.3826598944786387,2024,2024-11-01,1.85,1435400000,287080000,10470000000,10757080000,0.3724476433373506,0.018500000000000003,9.592488875303289,4.299267163795395e-22
2024-11-04,10.47,0.3826598944786387,2024,2024-12-02,1.75,1435400000,287080000,10470000000,10757080000,0.3724476433373506,0.0175,9.589803934163537,4.4126278864960735e-22
2024-11-04,10.47,0.3826598944786387,2024,2025-01-02,1.97,1435400000,287080000,10470000000,10757080000,0.3724476433373506,0.0197,9.595710804670992,4.167032594450189e-22
2024-11-11,9.25,0.4062802920159972,2024,2024-10-01,1.44,1435400000,287080000,9250000000,9537080000,0.39405066342611933,0.0144,8.729699178226669,1.2767544328281462e-18
2024-11-11,9.25,0.4062802920159972,2024,2024-11-01,1.85,1435400000,287080000,9250000000,9537080000,0.39405066342611933,0.018500000000000003,8.740103931677284,1.1644803614209678e-18
2024-11-11,9.25,0.4062802920159972,2024,2024-12-02,1.75,1435400000,287080000,9250000000,9537080000,0.39405066342611933,0.0175,8.73756618693323,1.1909307290787247e-18
2024-11-11,9.25,0.4062802920159972,2024,2025-01-02,1.97,1435400000,287080000,9250000000,9537080000,0.39405066342611933,0.0197,8.743149225370146,1.1335046928924246e-18
2024-11-18,10.22,0.4143678948729682,2024,2024-10-01,1.44,1435400000,287080000,10220000000,10507080000,0.40304631596996837,0.0144,8.766289048339397,9.232579740039629e-19
2024-11-18,10.22,0.4143678948729682,2024,2024-11-01,1.85,1435400000,287080000,10220000000,10507080000,0.40304631596996837,0.018500000000000003,8.776461576501907,8.434918528442602e-19
2024-11-18,10.22,0.4143678948729682,2024,2024-12-02,1.75,1435400000,287080000,10220000000,10507080000,0.40304631596996837,0.0175,8.773980472072026,8.622957551642642e-19
2024-11-18,10.22,0.4143678948729682,2024,2025-01-02,1.97,1435400000,287080000,10220000000,10507080000,0.40304631596996837,0.0197,8.779438901817763,8.21461054864541e-19
2024-11-25,9.71,0.4157308694335136,2024,2024-10-01,1.44,1435400000,287080000,9710000000,9997080000,0.4037925816537846,0.0144,8.626119796478063,3.1734269839891e-18
2024-11-25,9.71,0.4157308694335136,2024,2024-11-01,1.85,1435400000,287080000,9710000000,9997080000,0.4037925816537846,0.018500000000000003,8.636273524372736,2.9038182243713562e-18
2024-11-25,9.71,0.4157308694335136,2024,2024-12-02,1.75,1435400000,287080000,9710000000,9997080000,0.4037925816537846,0.0175,8.633797005374035,2.9674141160169238e-18
2024-11-25,9.71,0.4157308694335136,2024,2025-01-02,1.97,1435400000,287080000,9710000000,9997080000,0.4037925816537846,0.0197,8.639245347171176,2.8292770465757084e-18
2024-12-02,9.75,0.41356952818900927,2024,2024-11-01,1.85,1435400000,287080000,9750000000,10037080000,0.4017406357070822,0.018500000000000003,8.692381382814034,1.7746015723220327e-18
2024-12-02,9.75,0.41356952818900927,2024,2024-12-02,1.75,1435400000,287080000,9750000000,10037080000,0.4017406357070822,0.0175,8.689892214651495,1.813917571484497e-18
2024-12-02,9.75,0.41356952818900927,2024,2025-01-02,1.97,1435400000,287080000,9750000000,10037080000,0.4017406357070822,0.0197,8.695368384609079,1.7285316284396333e-18
2024-12-09,9.77,0.411874474217624,2024,2024-11-01,1.85,1435400000,287080000,9770000000,10057080000,0.4001174906738523,0.018500000000000003,8.734245062499658,1.2264440414455309e-18
2024-12-09,9.77,0.411874474217624,2024,2024-12-02,1.75,1435400000,287080000,9770000000,10057080000,0.4001174906738523,0.0175,8.731745796600745,1.2538567080513573e-18
2024-12-09,9.77,0.411874474217624,2024,2025-01-02,1.97,1435400000,287080000,9770000000,10057080000,0.4001174906738523,0.0197,8.737244181578355,1.1943290507570728e-18
2024-12-09,9.77,0.411874474217624,2024,2025-02-03,1.74,1435400000,287080000,9770000000,10057080000,0.4001174906738523,0.0174,8.731495870010853,1.2566310236995708e-18
2024-12-16,9.25,0.4165957559386635,2024,2024-11-01,1.85,1435400000,287080000,9250000000,9537080000,0.40405561685889574,0.018500000000000003,8.513806270901743,8.415756493760303e-18
2024-12-16,9.25,0.4165957559386635,2024,2024-12-02,1.75,1435400000,287080000,9250000000,9537080000,0.40405561685889574,0.0175,8.511331364086255,8.597373514440251e-18
2024-12-16,9.25,0.4165957559386635,2024,2025-01-02,1.97,1435400000,287080000,9250000000,9537080000,0.40405561685889574,0.0197,8.516776159080328,8.202807752586972e-18
2024-12-16,9.25,0.4165957559386635,2024,2025-02-03,1.74,1435400000,287080000,9250000000,9537080000,0.40405561685889574,0.0174,8.511083873404708,8.615746536757659e-18
2024-12-23,9.31,0.4157661728779093,2024,2024-11-01,1.85,1435400000,287080000,9310000000,9597080000,0.4033292490521425,0.018500000000000003,8.545415460169774,6.403734385254071e-18
2024-12-23,9.31,0.4157661728779093,2024,2024-12-02,1.75,1435400000,287080000,9310000000,9597080000,0.4033292490521425,0.0175,8.542936096219975,6.5426885007356876e-18
2024-12-23,9.31,0.4157661728779093,2024,2025-01-02,1.97,1435400000,287080000,9310000000,9597080000,0.4033292490521425,0.0197,8.548390696909536,6.240829385034937e-18
2024-12-23,9.31,0.4157661728779093,2024,2025-02-03,1.74,1435400000,287080000,9310000000,9597080000,0.4033292490521425,0.0174,8.542688159824996,6.556746488524716e-18
2024-12-30,9.78,0.4121755419156943,2024,2024-11-01,1.85,1435400000,287080000,9780000000,10067080000,0.4004216515549186,0.018500000000000003,8.729788431273912,1.2757473075621458e-18
2024-12-30,9.78,0.4121755419156943,2024,2024-12-02,1.75,1435400000,287080000,9780000000,10067080000,0.4004216515549186,0.0175,8.727291063821086,1.3042257323436772e-18
2024-12-30,9.78,0.4121755419156943,2024,2025-01-02,1.97,1435400000,287080000,9780000000,10067080000,0.4004216515549186,0.0197,8.732785272217304,1.2423827239784215e-18
2024-12-30,9.78,0.4121755419156943,2024,2025-02-03,1.74,1435400000,287080000,9780000000,10067080000,0.4004216515549186,0.0174,8.727041327075804,1.3071078649248983e-18
